06-07 22:59:01.587  7859  7859 I adbd    : adbd service requested 'shell,v2,TERM=dumb:export ANDROID_LOG_TAGS="''"; exec logcat '-v' 'time' '-s' 'LauncherStateService:D''
06-07 22:59:13.035  2995  3072 V WindowManager: Setting visibility of Window{c1b85d1 u0 dev.jaimin.auraorbit.MyWallpaperService}: true, caller=com.android.server.wm.WindowContainer.sendAppVisibilityToClients:19 com.android.server.wm.WindowToken.setClientVisible:91 com.android.server.wm.WallpaperWindowToken.setVisible$1:3 com.android.server.wm.WallpaperWindowToken.commitVisibility:48 com.android.server.wm.WallpaperWindowToken.setVisibility:158 
06-07 22:59:13.037 14018 14018 D WallpaperService: onVisibilityChanged(true): dev.jaimin.auraorbit.MyWallpaperService$AuraOrbitEngine@ddab71
06-07 22:59:13.038 14018 14125 I AuraOrbit.Engine: Resized to 1440x3120
06-07 22:59:13.038 14018 14125 D AuraOrbit.Engine: Resumed
06-07 22:59:13.038 14018 14018 D AuraOrbit.Service: Visibility changed: true isPreview=false
06-07 22:59:13.038 14018 14018 D AuraOrbit.Engine: setPreviewModeAuthoritative: isPreviewMode=false (wasPreview=false)
06-07 22:59:13.038 14018 14018 D AuraOrbit.Engine: setVisible: skipped re-anchor, relying on LauncherStateService
06-07 22:59:13.038  2995  7266 W WallpaperManagerService: getWallpaperIdForUser wallpaper = WallpaperData@83e55c5, id: 76, which: 5, file mod: 0, info: WallpaperInfo{dev.jaimin.auraorbit.MyWallpaperService, settings: dev.jaimin.auraorbit.LiveWallpaperSettings}, engine(s): Proxy@1b7ca25, type = 7, userId = 0, uri= null, allowBackup= false, wallpaperComponent = ComponentInfo{dev.jaimin.auraorbit/dev.jaimin.auraorbit.MyWallpaperService}
06-07 22:59:13.039 14018 14125 D AuraOrbit.Engine: applyConfig: snapshot unchanged, skipping rebuild
06-07 22:59:13.039 14018 14125 D AuraOrbit.Engine: commitPageSwipe: totalDx=881.0 velocityX=0.0 path=DRAG → inferredPage=0
06-07 22:59:13.039 14018 14125 D AuraOrbit.Engine: commitPageSwipe: totalDx=593.0 velocityX=0.0 path=DRAG → inferredPage=0
06-07 22:59:13.040 14018 14125 D AuraOrbit.Engine: commitPageSwipe: totalDx=802.0 velocityX=0.0 path=DRAG → inferredPage=0
06-07 22:59:13.040 14018 14125 D AuraOrbit.Engine: commitPageSwipe: totalDx=705.0 velocityX=0.0 path=DRAG → inferredPage=0
06-07 22:59:13.042 14018 14125 D AuraOrbit.Engine: commitPageSwipe: totalDx=890.0 velocityX=0.0 path=DRAG → inferredPage=0
06-07 22:59:13.043 14018 14125 D AuraOrbit.Engine: commitPageSwipe: totalDx=1043.0 velocityX=0.0 path=DRAG → inferredPage=0
06-07 22:59:13.043  2005  2005 I SurfaceFlinger: RequestedLayer [dev.jaimin.auraorbit.MyWallpaperService$_14018#7012] hidden!! flag  from(1) --> to(0)
06-07 22:59:13.046 14018 14125 D AuraOrbit.Engine: commitPageSwipe: totalDx=1021.0 velocityX=0.0 path=DRAG → inferredPage=0
06-07 22:59:13.050  5078 14231 I HoneySpace.SuggestAppDecor: getInstaller: dev.jaimin.auraorbit [null]
06-07 22:59:13.219 14018 14018 D AuraOrbit.A11y: === DEBUG DUMP TREE START ===
06-07 22:59:13.219 14018 14018 D AuraOrbit.A11y: android.widget.FrameLayout [visible]
06-07 22:59:13.227 14018 14018 D AuraOrbit.A11y:   android.widget.FrameLayout
06-07 22:59:13.236 14018 14018 D AuraOrbit.A11y:     android.widget.FrameLayout
06-07 22:59:13.244 14018 14018 D AuraOrbit.A11y:       android.view.ViewGroup
06-07 22:59:13.244 14018 14018 D AuraOrbit.A11y:         android.widget.LinearLayout
06-07 22:59:13.244 14018 14018 D AuraOrbit.A11y:         android.widget.FrameLayout
06-07 22:59:13.252 14018 14018 D AuraOrbit.A11y:           android.widget.FrameLayout
06-07 22:59:13.253 14018 14018 D AuraOrbit.A11y:             android.widget.TextView text='32°' desc='Current temperature, 32 degrees'
06-07 22:59:13.261 14018 14018 D AuraOrbit.A11y:             android.widget.TextView text='Tomorrow's high feels like 44°C due to humidity' desc='Tomorrow's high feels like 44°C due to humidity'
06-07 22:59:13.269 14018 14018 D AuraOrbit.A11y:             android.widget.TextView text='TP 13' desc='TP 13'
06-07 22:59:13.277 14018 14018 D AuraOrbit.A11y:             android.widget.ImageView desc='Smoke'
06-07 22:59:13.286 14018 14018 D AuraOrbit.A11y:         android.widget.FrameLayout
06-07 22:59:13.286 14018 14018 D AuraOrbit.A11y:           android.widget.FrameLayout
06-07 22:59:13.286 14018 14018 D AuraOrbit.A11y:             android.widget.FrameLayout desc='Screen time,6 hours 28 minutes Call of Duty 3 hours 11 minutes Instagram 1 hour 21 minutes YouTube 33 minutes'
06-07 22:59:13.286 14018 14018 D AuraOrbit.A11y:               android.widget.TextView text='Call of Duty'
06-07 22:59:13.286 14018 14018 D AuraOrbit.A11y:               android.widget.TextView text='Instagram'
06-07 22:59:13.286 14018 14018 D AuraOrbit.A11y:               android.widget.TextView text='YouTube'
06-07 22:59:13.286 14018 14018 D AuraOrbit.A11y:               android.widget.TextView text='6'
06-07 22:59:13.294 14018 14018 D AuraOrbit.A11y:               android.widget.TextView text=' h '
06-07 22:59:13.294 14018 14018 D AuraOrbit.A11y:               android.widget.TextView text='28'
06-07 22:59:13.302 14018 14018 D AuraOrbit.A11y:               android.widget.TextView text=' m'
06-07 22:59:13.310 14018 14018 D AuraOrbit.A11y:               android.widget.ProgressBar
06-07 22:59:13.318 14018 14018 D AuraOrbit.A11y:               android.widget.ProgressBar
06-07 22:59:13.327 14018 14018 D AuraOrbit.A11y:               android.widget.ProgressBar
06-07 22:59:13.335 14018 14018 D AuraOrbit.A11y:               android.widget.ProgressBar
06-07 22:59:13.344 14018 14018 D AuraOrbit.A11y:               android.widget.FrameLayout
06-07 22:59:13.352 14018 14018 D AuraOrbit.A11y:                 android.widget.ImageView desc='Refresh'
06-07 22:59:13.360 14018 14018 D AuraOrbit.A11y:         android.widget.FrameLayout
06-07 22:59:13.368 14018 14018 D AuraOrbit.A11y:           android.widget.ImageView desc='Google Search'
06-07 22:59:13.368 14018 14018 D AuraOrbit.A11y:           android.widget.ImageButton desc='Google app'
06-07 22:59:13.368 14018 14018 D AuraOrbit.A11y:           android.widget.ImageButton desc='Voice search'
06-07 22:59:13.368 14018 14018 D AuraOrbit.A11y:           android.widget.ImageButton desc='Camera search'
06-07 22:59:13.377 14018 14018 D AuraOrbit.A11y:         android.widget.FrameLayout desc='Gallery'
06-07 22:59:13.378 14018 14018 D AuraOrbit.A11y:           android.widget.TextView text='Gallery'
06-07 22:59:13.385 14018 14018 D AuraOrbit.A11y:         android.widget.FrameLayout desc='Play Store'
06-07 22:59:13.393 14018 14018 D AuraOrbit.A11y:           android.widget.TextView text='Play Store'
06-07 22:59:13.402 14018 14018 D AuraOrbit.A11y:         android.widget.FrameLayout desc='Settings'
06-07 22:59:13.410 14018 14018 D AuraOrbit.A11y:           android.widget.TextView text='Settings'
06-07 22:59:13.419 14018 14018 D AuraOrbit.A11y:         android.widget.FrameLayout desc='Messages'
06-07 22:59:13.427 14018 14018 D AuraOrbit.A11y:           android.widget.TextView text='Messages'
06-07 22:59:13.435 14018 14018 D AuraOrbit.A11y:         android.widget.FrameLayout desc='Money Manager'
06-07 22:59:13.443 14018 14018 D AuraOrbit.A11y:           android.widget.TextView text='Money Manager'
06-07 22:59:13.452 14018 14018 D AuraOrbit.A11y:         android.widget.FrameLayout desc='Payment, Folder'
06-07 22:59:13.460 14018 14018 D AuraOrbit.A11y:           android.widget.TextView text='Payment'
06-07 22:59:13.469 14018 14018 D AuraOrbit.A11y:         android.widget.FrameLayout desc='Food, Folder'
06-07 22:59:13.477 14018 14018 D AuraOrbit.A11y:           android.widget.TextView text='Food'
06-07 22:59:13.485 14018 14018 D AuraOrbit.A11y:         android.widget.FrameLayout desc='Authenticator'
06-07 22:59:13.493 14018 14018 D AuraOrbit.A11y:           android.widget.TextView text='Authenticator'
06-07 22:59:13.502 14018 14018 D AuraOrbit.A11y:         android.widget.FrameLayout desc='Microsoft, Folder'
06-07 22:59:13.510 14018 14018 D AuraOrbit.A11y:           android.widget.TextView text='Microsoft'
06-07 22:59:13.518 14018 14018 D AuraOrbit.A11y:         android.widget.FrameLayout desc='Google, Folder'
06-07 22:59:13.527 14018 14018 D AuraOrbit.A11y:           android.widget.TextView text='Google'
06-07 22:59:13.535 14018 14018 D AuraOrbit.A11y:         android.widget.LinearLayout
06-07 22:59:13.543 14018 14018 D AuraOrbit.A11y:         android.widget.FrameLayout
06-07 22:59:13.551 14018 14018 D AuraOrbit.A11y:           android.widget.FrameLayout desc='Reminder widget'
06-07 22:59:13.551 14018 14018 D AuraOrbit.A11y:             android.widget.FrameLayout
06-07 22:59:13.560 14018 14018 D AuraOrbit.A11y:               android.widget.LinearLayout desc='Open Reminder'
06-07 22:59:13.568 14018 14018 D AuraOrbit.A11y:                 android.widget.FrameLayout
06-07 22:59:13.568 14018 14018 D AuraOrbit.A11y:                   android.widget.LinearLayout desc='All Dropdown list'
06-07 22:59:13.568 14018 14018 D AuraOrbit.A11y:                     android.widget.TextView text='All'
06-07 22:59:13.568 14018 14018 D AuraOrbit.A11y:             android.widget.FrameLayout
06-07 22:59:13.576 14018 14018 D AuraOrbit.A11y:               android.widget.LinearLayout desc='Add reminder Button'
06-07 22:59:13.585 14018 14018 D AuraOrbit.A11y:             android.widget.ListView
06-07 22:59:13.593 14018 14018 D AuraOrbit.A11y:               android.appwidget.AppWidgetHostView
06-07 22:59:13.601 14018 14018 D AuraOrbit.A11y:                 android.widget.FrameLayout
06-07 22:59:13.610 14018 14018 D AuraOrbit.A11y:                   android.widget.LinearLayout desc='DSA'
06-07 22:59:13.618 14018 14018 D AuraOrbit.A11y:                     android.widget.FrameLayout
06-07 22:59:13.626 14018 14018 D AuraOrbit.A11y:                       android.widget.ImageView desc='Not checked, DSA'
06-07 22:59:13.635 14018 14018 D AuraOrbit.A11y:                     android.widget.TextView text='DSA'
06-07 22:59:13.643 14018 14018 D AuraOrbit.A11y:         android.widget.FrameLayout
06-07 22:59:13.643 14018 14018 D AuraOrbit.A11y:           android.widget.FrameLayout desc='Voice Recorder'
06-07 22:59:13.643 14018 14018 D AuraOrbit.A11y:             android.widget.RelativeLayout
06-07 22:59:13.646 14018 14125 D AuraOrbit.Engine: VIS branch=DEAD-RECKONING target=1.0 pv=1.0 | a11y[conn=true page=1 of=4 drawer=false ageMs=13437] | inferredPage=0 activePage=0 offsetsEver=false xStep=-1.0 xOff=0.5 | preview=false visible=true zoom=0.0 returnAnim=1.0 launchIdx=-1
06-07 22:59:13.652 14018 14018 D AuraOrbit.A11y:               android.widget.Chronometer text='00:00' desc='0 seconds'
06-07 22:59:13.660 14018 14018 D AuraOrbit.A11y:               android.widget.LinearLayout desc='Record, Button'
06-07 22:59:13.668 14018 14018 D AuraOrbit.A11y:         android.widget.FrameLayout desc='NoScroll'
06-07 22:59:13.669 14018 14018 D AuraOrbit.A11y:           android.widget.TextView text='NoScroll'
06-07 22:59:13.677 14018 14018 D AuraOrbit.A11y:         android.widget.FrameLayout desc='Keep notes'
06-07 22:59:13.685 14018 14018 D AuraOrbit.A11y:           android.widget.TextView text='Keep notes'
06-07 22:59:13.693 14018 14018 D AuraOrbit.A11y:         android.widget.FrameLayout desc='KDE Connect, 1 notification'
06-07 22:59:13.701 14018 14018 D AuraOrbit.A11y:           android.widget.TextView text='KDE Connect'
06-07 22:59:13.710 14018 14018 D AuraOrbit.A11y:         android.widget.FrameLayout desc='Rapido'
06-07 22:59:13.718 14018 14018 D AuraOrbit.A11y:           android.widget.TextView text='Rapido'
06-07 22:59:13.726 14018 14018 D AuraOrbit.A11y:         android.widget.FrameLayout desc='Bixby'
06-07 22:59:13.726 14018 14018 D AuraOrbit.A11y:           android.widget.TextView text='Bixby'
06-07 22:59:13.734 14018 14018 D AuraOrbit.A11y:         android.widget.FrameLayout
06-07 22:59:13.735 14018 14018 D AuraOrbit.A11y:           android.widget.FrameLayout
06-07 22:59:13.743 14018 14018 D AuraOrbit.A11y:             android.view.View desc='22:59'
06-07 22:59:13.743 14018 14018 D AuraOrbit.A11y:             android.widget.TextView text='Sun,' desc='Sun,'
06-07 22:59:13.751 14018 14018 D AuraOrbit.A11y:             android.widget.TextView text='7 Jun' desc='7 Jun'
06-07 22:59:13.760 14018 14018 D AuraOrbit.A11y:         android.widget.FrameLayout desc='Call of Duty'
06-07 22:59:13.768 14018 14018 D AuraOrbit.A11y:           android.widget.TextView text='Call of Duty'
06-07 22:59:13.777 14018 14018 D AuraOrbit.A11y:         android.widget.FrameLayout desc='Instagram'
06-07 22:59:13.785 14018 14018 D AuraOrbit.A11y:           android.widget.TextView text='Instagram'
06-07 22:59:13.793 14018 14018 D AuraOrbit.A11y:         android.widget.FrameLayout desc='Money Manager'
06-07 22:59:13.801 14018 14018 D AuraOrbit.A11y:           android.widget.TextView text='Money Manager'
06-07 22:59:13.810 14018 14018 D AuraOrbit.A11y:         android.widget.FrameLayout desc='Calculator'
06-07 22:59:13.818 14018 14018 D AuraOrbit.A11y:           android.widget.TextView text='Calculator'
06-07 22:59:13.827 14018 14018 D AuraOrbit.A11y:         android.widget.FrameLayout
06-07 22:59:13.835 14018 14018 D AuraOrbit.A11y:           android.widget.FrameLayout
06-07 22:59:13.835 14018 14018 D AuraOrbit.A11y:             android.widget.LinearLayout desc='Type Gemini prompt'
06-07 22:59:13.843 14018 14018 D AuraOrbit.A11y:               android.widget.TextView text='Ask Gemini'
06-07 22:59:13.843 14018 14018 D AuraOrbit.A11y:           android.widget.FrameLayout
06-07 22:59:13.853 14018 14018 D AuraOrbit.A11y:             android.widget.LinearLayout desc='Share video with Gemini Live'
06-07 22:59:13.860 14018 14018 D AuraOrbit.A11y:               android.widget.TextView text='Video'
06-07 22:59:13.860 14018 14018 D AuraOrbit.A11y:           android.widget.FrameLayout
06-07 22:59:13.868 14018 14018 D AuraOrbit.A11y:             android.widget.LinearLayout desc='Talk with Gemini Live'
06-07 22:59:13.876 14018 14018 D AuraOrbit.A11y:               android.widget.TextView text='Live'
06-07 22:59:13.885 14018 14018 D AuraOrbit.A11y:         android.widget.FrameLayout
06-07 22:59:13.893 14018 14018 D AuraOrbit.A11y:           android.widget.FrameLayout
06-07 22:59:13.893 14018 14018 D AuraOrbit.A11y:             android.widget.ImageButton desc='Copy'
06-07 22:59:13.903 14018 14018 D AuraOrbit.A11y:         android.widget.FrameLayout
06-07 22:59:13.910 14018 14018 D AuraOrbit.A11y:           android.widget.FrameLayout
06-07 22:59:13.910 14018 14018 D AuraOrbit.A11y:             android.widget.FrameLayout desc='Mummy, Direct Dial'
06-07 22:59:13.910 14018 14018 D AuraOrbit.A11y:           android.widget.TextView
06-07 22:59:13.910 14018 14018 D AuraOrbit.A11y:           android.widget.TextView text='Mummy'
06-07 22:59:13.910 14018 14018 D AuraOrbit.A11y:           android.widget.FrameLayout
06-07 22:59:13.910 14018 14018 D AuraOrbit.A11y:             android.widget.FrameLayout desc='Nency, Direct Dial'
06-07 22:59:13.910 14018 14018 D AuraOrbit.A11y:           android.widget.TextView
06-07 22:59:13.910 14018 14018 D AuraOrbit.A11y:           android.widget.TextView text='Nency'
06-07 22:59:13.910 14018 14018 D AuraOrbit.A11y:           android.widget.FrameLayout
06-07 22:59:13.910 14018 14018 D AuraOrbit.A11y:             android.widget.FrameLayout desc='Papa, Direct Dial'
06-07 22:59:13.910 14018 14018 D AuraOrbit.A11y:           android.widget.TextView
06-07 22:59:13.910 14018 14018 D AuraOrbit.A11y:           android.widget.TextView text='Papa'
06-07 22:59:13.910 14018 14018 D AuraOrbit.A11y:           android.widget.FrameLayout
06-07 22:59:13.910 14018 14018 D AuraOrbit.A11y:             android.widget.FrameLayout desc='No contact'
06-07 22:59:13.910 14018 14018 D AuraOrbit.A11y:           android.widget.TextView
06-07 22:59:13.910 14018 14018 D AuraOrbit.A11y:           android.widget.TextView
06-07 22:59:13.918 14018 14018 D AuraOrbit.A11y:         android.widget.LinearLayout
06-07 22:59:13.928 14018 14018 D AuraOrbit.A11y:         android.widget.FrameLayout
06-07 22:59:13.929 14018 14018 D AuraOrbit.A11y:           android.widget.FrameLayout desc='Month'
06-07 22:59:13.935 14018 14018 D AuraOrbit.A11y:             android.widget.FrameLayout
06-07 22:59:13.944 14018 14018 D AuraOrbit.A11y:               android.widget.FrameLayout
06-07 22:59:13.944 14018 14018 D AuraOrbit.A11y:                 android.widget.ImageView desc='Previous month Button'
06-07 22:59:13.944 14018 14018 D AuraOrbit.A11y:               android.widget.TextView text='JUN' desc='June '
06-07 22:59:13.944 14018 14018 D AuraOrbit.A11y:               android.widget.FrameLayout
06-07 22:59:13.944 14018 14018 D AuraOrbit.A11y:                 android.widget.ImageView desc='Next month Button'
06-07 22:59:13.944 14018 14018 D AuraOrbit.A11y:               android.widget.FrameLayout
06-07 22:59:13.944 14018 14018 D AuraOrbit.A11y:                 android.widget.ImageView desc='Handwriting Button'
06-07 22:59:13.944 14018 14018 D AuraOrbit.A11y:               android.widget.FrameLayout
06-07 22:59:13.944 14018 14018 D AuraOrbit.A11y:                 android.widget.ImageView desc='Add detailed event Button'
06-07 22:59:13.944 14018 14018 D AuraOrbit.A11y:               android.widget.FrameLayout
06-07 22:59:13.944 14018 14018 D AuraOrbit.A11y:                 android.widget.TextView text='7' desc='7, Today Button'
06-07 22:59:13.951 14018 14018 D AuraOrbit.A11y:             android.widget.TextView text='M'
06-07 22:59:13.959 14018 14018 D AuraOrbit.A11y:             android.widget.TextView text='T'
06-07 22:59:13.970 14018 14018 D AuraOrbit.A11y:             android.widget.TextView text='W'
06-07 22:59:13.971 14018 14018 D AuraOrbit.A11y:             android.widget.TextView text='T'
06-07 22:59:13.971 14018 14018 D AuraOrbit.A11y:             android.widget.TextView text='F'
06-07 22:59:13.972 14018 14018 D AuraOrbit.A11y:             android.widget.TextView text='S'
06-07 22:59:13.972 14018 14018 D AuraOrbit.A11y:             android.widget.TextView text='S'
06-07 22:59:13.972 14018 14018 D AuraOrbit.A11y:             android.widget.FrameLayout
06-07 22:59:13.973 14018 14018 D AuraOrbit.A11y:               android.widget.FrameLayout
06-07 22:59:13.973 14018 14018 D AuraOrbit.A11y:                 android.widget.FrameLayout desc='Monday, 1 June, Add event'
06-07 22:59:13.973 14018 14018 D AuraOrbit.A11y:               android.widget.FrameLayout
06-07 22:59:13.973 14018 14018 D AuraOrbit.A11y:                 android.widget.FrameLayout desc='Tuesday, 2 June, Add event'
06-07 22:59:13.974 14018 14018 D AuraOrbit.A11y:               android.widget.FrameLayout
06-07 22:59:13.974 14018 14018 D AuraOrbit.A11y:                 android.widget.FrameLayout desc='Wednesday, 3 June, Add event'
06-07 22:59:13.974 14018 14018 D AuraOrbit.A11y:               android.widget.FrameLayout
06-07 22:59:13.974 14018 14018 D AuraOrbit.A11y:                 android.widget.FrameLayout desc='Thursday, 4 June, Add event'
06-07 22:59:13.975 14018 14018 D AuraOrbit.A11y:               android.widget.FrameLayout
06-07 22:59:13.975 14018 14018 D AuraOrbit.A11y:                 android.widget.FrameLayout desc='Friday, 5 June, Add event'
06-07 22:59:13.975 14018 14018 D AuraOrbit.A11y:               android.widget.FrameLayout
06-07 22:59:13.976 14018 14018 D AuraOrbit.A11y:                 android.widget.FrameLayout desc='Saturday, 6 June, Add event'
06-07 22:59:13.976 14018 14018 D AuraOrbit.A11y:               android.widget.FrameLayout
06-07 22:59:13.977 14018 14018 D AuraOrbit.A11y:                 android.widget.FrameLayout desc='Today, Sunday, 7 June, 1 event'
06-07 22:59:13.979 14018 14018 D AuraOrbit.A11y:               android.widget.FrameLayout
06-07 22:59:13.979 14018 14018 D AuraOrbit.A11y:                 android.widget.FrameLayout desc='Monday, 8 June, Add event'
06-07 22:59:13.979 14018 14018 D AuraOrbit.A11y:               android.widget.FrameLayout
06-07 22:59:13.979 14018 14018 D AuraOrbit.A11y:                 android.widget.FrameLayout desc='Tuesday, 9 June, Add event'
06-07 22:59:13.979 14018 14018 D AuraOrbit.A11y:               android.widget.FrameLayout
06-07 22:59:13.980 14018 14018 D AuraOrbit.A11y:                 android.widget.FrameLayout desc='Wednesday, 10 June, Add event'
06-07 22:59:13.980 14018 14018 D AuraOrbit.A11y:               android.widget.FrameLayout
06-07 22:59:13.980 14018 14018 D AuraOrbit.A11y:                 android.widget.FrameLayout desc='Thursday, 11 June, Add event'
06-07 22:59:13.980 14018 14018 D AuraOrbit.A11y:               android.widget.FrameLayout
06-07 22:59:13.980 14018 14018 D AuraOrbit.A11y:                 android.widget.FrameLayout desc='Friday, 12 June, Add event'
06-07 22:59:13.981 14018 14018 D AuraOrbit.A11y:               android.widget.FrameLayout
06-07 22:59:13.981 14018 14018 D AuraOrbit.A11y:                 android.widget.FrameLayout desc='Saturday, 13 June, Add event'
06-07 22:59:13.981 14018 14018 D AuraOrbit.A11y:               android.widget.FrameLayout
06-07 22:59:13.982 14018 14018 D AuraOrbit.A11y:                 android.widget.FrameLayout desc='Sunday, 14 June, Add event'
06-07 22:59:13.982 14018 14018 D AuraOrbit.A11y:               android.widget.FrameLayout
06-07 22:59:13.983 14018 14018 D AuraOrbit.A11y:                 android.widget.FrameLayout desc='Monday, 15 June, Add event'
06-07 22:59:13.983 14018 14018 D AuraOrbit.A11y:               android.widget.FrameLayout
06-07 22:59:13.983 14018 14018 D AuraOrbit.A11y:                 android.widget.FrameLayout desc='Tuesday, 16 June, Add event'
06-07 22:59:13.984 14018 14018 D AuraOrbit.A11y:               android.widget.FrameLayout
06-07 22:59:13.984 14018 14018 D AuraOrbit.A11y:                 android.widget.FrameLayout desc='Wednesday, 17 June, Add event'
06-07 22:59:13.984 14018 14018 D AuraOrbit.A11y:               android.widget.FrameLayout
06-07 22:59:13.985 14018 14018 D AuraOrbit.A11y:                 android.widget.FrameLayout desc='Thursday, 18 June, Add event'
06-07 22:59:13.985 14018 14018 D AuraOrbit.A11y:               android.widget.FrameLayout
06-07 22:59:13.985 14018 14018 D AuraOrbit.A11y:                 android.widget.FrameLayout desc='Friday, 19 June, Add event'
06-07 22:59:13.988 14018 14018 D AuraOrbit.A11y:               android.widget.FrameLayout
06-07 22:59:13.988 14018 14018 D AuraOrbit.A11y:                 android.widget.FrameLayout desc='Saturday, 20 June, Add event'
06-07 22:59:13.993 14018 14018 D AuraOrbit.A11y:               android.widget.FrameLayout
06-07 22:59:13.993 14018 14018 D AuraOrbit.A11y:                 android.widget.FrameLayout desc='Sunday, 21 June, Add event'
06-07 22:59:13.994 14018 14018 D AuraOrbit.A11y:               android.widget.FrameLayout
06-07 22:59:13.994 14018 14018 D AuraOrbit.A11y:                 android.widget.FrameLayout desc='Monday, 22 June, Add event'
06-07 22:59:13.994 14018 14018 D AuraOrbit.A11y:               android.widget.FrameLayout
06-07 22:59:13.994 14018 14018 D AuraOrbit.A11y:                 android.widget.FrameLayout desc='Tuesday, 23 June, Add event'
06-07 22:59:13.995 14018 14018 D AuraOrbit.A11y:               android.widget.FrameLayout
06-07 22:59:13.995 14018 14018 D AuraOrbit.A11y:                 android.widget.FrameLayout desc='Wednesday, 24 June, Add event'
06-07 22:59:13.996 14018 14018 D AuraOrbit.A11y:               android.widget.FrameLayout
06-07 22:59:13.996 14018 14018 D AuraOrbit.A11y:                 android.widget.FrameLayout desc='Thursday, 25 June, Add event'
06-07 22:59:13.997 14018 14018 D AuraOrbit.A11y:               android.widget.FrameLayout
06-07 22:59:13.997 14018 14018 D AuraOrbit.A11y:                 android.widget.FrameLayout desc='Friday, 26 June, 1 event'
06-07 22:59:13.997 14018 14018 D AuraOrbit.A11y:               android.widget.FrameLayout
06-07 22:59:13.997 14018 14018 D AuraOrbit.A11y:                 android.widget.FrameLayout desc='Saturday, 27 June, Add event'
06-07 22:59:13.998 14018 14018 D AuraOrbit.A11y:               android.widget.FrameLayout
06-07 22:59:13.998 14018 14018 D AuraOrbit.A11y:                 android.widget.FrameLayout desc='Sunday, 28 June, Add event'
06-07 22:59:13.998 14018 14018 D AuraOrbit.A11y:               android.widget.FrameLayout
06-07 22:59:13.999 14018 14018 D AuraOrbit.A11y:                 android.widget.FrameLayout desc='Monday, 29 June, Add event'
06-07 22:59:13.999 14018 14018 D AuraOrbit.A11y:               android.widget.FrameLayout
06-07 22:59:13.999 14018 14018 D AuraOrbit.A11y:                 android.widget.FrameLayout desc='Tuesday, 30 June, 1 event'
06-07 22:59:14.000 14018 14018 D AuraOrbit.A11y:               android.widget.FrameLayout
06-07 22:59:14.000 14018 14018 D AuraOrbit.A11y:                 android.widget.FrameLayout desc='Wednesday, 1 July, Add event'
06-07 22:59:14.000 14018 14018 D AuraOrbit.A11y:               android.widget.FrameLayout
06-07 22:59:14.001 14018 14018 D AuraOrbit.A11y:                 android.widget.FrameLayout desc='Thursday, 2 July, Add event'
06-07 22:59:14.002 14018 14018 D AuraOrbit.A11y:               android.widget.FrameLayout
06-07 22:59:14.002 14018 14018 D AuraOrbit.A11y:                 android.widget.FrameLayout desc='Friday, 3 July, Add event'
06-07 22:59:14.003 14018 14018 D AuraOrbit.A11y:               android.widget.FrameLayout
06-07 22:59:14.003 14018 14018 D AuraOrbit.A11y:                 android.widget.FrameLayout desc='Saturday, 4 July, Add event'
06-07 22:59:14.003 14018 14018 D AuraOrbit.A11y:               android.widget.FrameLayout
06-07 22:59:14.003 14018 14018 D AuraOrbit.A11y:                 android.widget.FrameLayout desc='Sunday, 5 July, 1 event'
06-07 22:59:14.004 14018 14018 D AuraOrbit.A11y:         android.widget.FrameLayout
06-07 22:59:14.004 14018 14018 D AuraOrbit.A11y:           android.widget.FrameLayout
06-07 22:59:14.004 14018 14018 D AuraOrbit.A11y:             android.widget.FrameLayout desc='Device care'
06-07 22:59:14.004 14018 14018 D AuraOrbit.A11y:               android.widget.FrameLayout
06-07 22:59:14.005 14018 14018 D AuraOrbit.A11y:                 android.widget.ImageView desc='Optimise now'
06-07 22:59:14.005 14018 14018 D AuraOrbit.A11y:               android.widget.TextView text='Optimise'
06-07 22:59:14.005 14018 14018 D AuraOrbit.A11y:               android.widget.ProgressBar
06-07 22:59:14.005 14018 14018 D AuraOrbit.A11y:               android.widget.TextView
06-07 22:59:14.005 14018 14018 D AuraOrbit.A11y:               android.widget.TextView text='74.4 GB'
06-07 22:59:14.006 14018 14018 D AuraOrbit.A11y:               android.widget.TextView
06-07 22:59:14.006 14018 14018 D AuraOrbit.A11y:               android.widget.TextView text=' / '
06-07 22:59:14.006 14018 14018 D AuraOrbit.A11y:               android.widget.TextView text='256 GB'
06-07 22:59:14.007 14018 14018 D AuraOrbit.A11y:               android.widget.TextView
06-07 22:59:14.007 14018 14018 D AuraOrbit.A11y:               android.widget.ProgressBar
06-07 22:59:14.008 14018 14018 D AuraOrbit.A11y:               android.widget.TextView text='7.5'
06-07 22:59:14.008 14018 14018 D AuraOrbit.A11y:               android.widget.TextView text='GB'
06-07 22:59:14.008 14018 14018 D AuraOrbit.A11y:               android.widget.TextView text=' / '
06-07 22:59:14.010 14018 14018 D AuraOrbit.A11y:               android.widget.TextView
06-07 22:59:14.010 14018 14018 D AuraOrbit.A11y:               android.widget.TextView text='12 GB'
06-07 22:59:14.010 14018 14018 D AuraOrbit.A11y:               android.widget.TextView
06-07 22:59:14.011 14018 14018 D AuraOrbit.A11y:         android.widget.LinearLayout
06-07 22:59:14.011 14018 14018 D AuraOrbit.A11y:       android.widget.FrameLayout desc='Page 1 of 4 '
06-07 22:59:14.011 14018 14018 D AuraOrbit.A11y:       android.widget.FrameLayout desc='Page 2 of 4 '
06-07 22:59:14.011 14018 14018 D AuraOrbit.A11y:       android.widget.FrameLayout desc='Page 3 of 4 '
06-07 22:59:14.011 14018 14018 D AuraOrbit.A11y:       android.widget.FrameLayout desc='Page 4 of 4 '
06-07 22:59:14.011 14018 14018 D AuraOrbit.A11y:     android.widget.RelativeLayout [visible]
06-07 22:59:14.012 14018 14018 D AuraOrbit.A11y:       android.widget.FrameLayout desc='Phone' [visible]
06-07 22:59:14.012  2995  2995 D WALLPAPER_SVC:WallpaperManagerService: dispatchHomeVisibilityChanged: visible = true, connection = com.android.server.wallpaper.WallpaperManagerService$WallpaperConnection@e7f129e, systemWallpaper = WallpaperData@83e55c5, id: 76, which: 5, file mod: 0, info: WallpaperInfo{dev.jaimin.auraorbit.MyWallpaperService, settings: dev.jaimin.auraorbit.LiveWallpaperSettings}, engine(s): Proxy@1b7ca25, type = 7, userId = 0, uri= null, allowBackup= false, wallpaperComponent = ComponentInfo{dev.jaimin.auraorbit/dev.jaimin.auraorbit.MyWallpaperService} 
06-07 22:59:14.012 14018 14018 D AuraOrbit.A11y:         android.widget.TextView text='Phone' [visible]
06-07 22:59:14.012 14018 14018 D AuraOrbit.A11y:       android.widget.FrameLayout desc='Camera' [visible]
06-07 22:59:14.012 14018 14018 D AuraOrbit.A11y:         android.widget.TextView text='Camera' [visible]
06-07 22:59:14.013 14018 14018 D AuraOrbit.A11y:       android.widget.FrameLayout desc='Brave' [visible]
06-07 22:59:14.013 14018 14018 D AuraOrbit.A11y:         android.widget.TextView text='Brave' [visible]
06-07 22:59:14.013 14018 14018 D AuraOrbit.A11y:       android.widget.FrameLayout desc='YouTube' [visible]
06-07 22:59:14.013 14018 14018 D AuraOrbit.A11y:         android.widget.TextView text='YouTube' [visible]
06-07 22:59:14.014 14018 14018 D AuraOrbit.A11y:       android.widget.FrameLayout desc='WhatsApp' [visible]
06-07 22:59:14.014 14018 14018 D AuraOrbit.A11y:         android.widget.TextView text='WhatsApp' [visible]
06-07 22:59:14.014 14018 14018 D AuraOrbit.A11y: === DEBUG DUMP TREE END ===
06-07 22:59:14.064 14018 14018 D AuraOrbit.A11y: home page=1 of 4
06-07 22:59:14.653 14018 14125 D AuraOrbit.Engine: VIS branch=A11Y target=1.0 pv=1.0 | a11y[conn=true page=1 of=4 drawer=false ageMs=589] | inferredPage=0 activePage=0 offsetsEver=false xStep=-1.0 xOff=0.5 | preview=false visible=true zoom=0.0 returnAnim=1.0 launchIdx=-1
06-07 22:59:15.656 14018 14125 D AuraOrbit.Engine: VIS branch=A11Y target=1.0 pv=1.0 | a11y[conn=true page=1 of=4 drawer=false ageMs=1592] | inferredPage=0 activePage=0 offsetsEver=false xStep=-1.0 xOff=0.5 | preview=false visible=true zoom=0.0 returnAnim=1.0 launchIdx=-1
06-07 22:59:16.663 14018 14125 D AuraOrbit.Engine: VIS branch=A11Y target=1.0 pv=1.0 | a11y[conn=true page=1 of=4 drawer=false ageMs=2598] | inferredPage=0 activePage=0 offsetsEver=false xStep=-1.0 xOff=0.5 | preview=false visible=true zoom=0.0 returnAnim=1.0 launchIdx=-1
06-07 22:59:17.668 14018 14125 D AuraOrbit.Engine: VIS branch=A11Y target=1.0 pv=1.0 | a11y[conn=true page=1 of=4 drawer=false ageMs=3603] | inferredPage=0 activePage=0 offsetsEver=false xStep=-1.0 xOff=0.5 | preview=false visible=true zoom=0.0 returnAnim=1.0 launchIdx=-1
06-07 22:59:18.668 14018 14125 D AuraOrbit.Engine: VIS branch=A11Y target=1.0 pv=1.0 | a11y[conn=true page=1 of=4 drawer=false ageMs=4604] | inferredPage=0 activePage=0 offsetsEver=false xStep=-1.0 xOff=0.5 | preview=false visible=true zoom=0.0 returnAnim=1.0 launchIdx=-1
06-07 22:59:19.675 14018 14125 D AuraOrbit.Engine: VIS branch=DEAD-RECKONING target=1.0 pv=1.0 | a11y[conn=true page=1 of=4 drawer=false ageMs=5611] | inferredPage=0 activePage=0 offsetsEver=false xStep=-1.0 xOff=0.5 | preview=false visible=true zoom=0.0 returnAnim=1.0 launchIdx=-1
06-07 22:59:20.682 14018 14125 D AuraOrbit.Engine: VIS branch=DEAD-RECKONING target=1.0 pv=1.0 | a11y[conn=true page=1 of=4 drawer=false ageMs=6618] | inferredPage=0 activePage=0 offsetsEver=false xStep=-1.0 xOff=0.5 | preview=false visible=true zoom=0.0 returnAnim=1.0 launchIdx=-1
06-07 22:59:21.689 14018 14125 D AuraOrbit.Engine: VIS branch=DEAD-RECKONING target=1.0 pv=1.0 | a11y[conn=true page=1 of=4 drawer=false ageMs=7625] | inferredPage=0 activePage=0 offsetsEver=false xStep=-1.0 xOff=0.5 | preview=false visible=true zoom=0.0 returnAnim=1.0 launchIdx=-1
06-07 22:59:22.697 14018 14125 D AuraOrbit.Engine: VIS branch=DEAD-RECKONING target=1.0 pv=1.0 | a11y[conn=true page=1 of=4 drawer=false ageMs=8632] | inferredPage=0 activePage=0 offsetsEver=false xStep=-1.0 xOff=0.5 | preview=false visible=true zoom=0.0 returnAnim=1.0 launchIdx=-1
06-07 22:59:23.701 14018 14125 D AuraOrbit.Engine: VIS branch=DEAD-RECKONING target=1.0 pv=1.0 | a11y[conn=true page=1 of=4 drawer=false ageMs=9637] | inferredPage=0 activePage=0 offsetsEver=false xStep=-1.0 xOff=0.5 | preview=false visible=true zoom=0.0 returnAnim=1.0 launchIdx=-1
06-07 22:59:24.703 14018 14125 D AuraOrbit.Engine: VIS branch=DEAD-RECKONING target=1.0 pv=1.0 | a11y[conn=true page=1 of=4 drawer=false ageMs=10638] | inferredPage=0 activePage=0 offsetsEver=false xStep=-1.0 xOff=0.5 | preview=false visible=true zoom=0.0 returnAnim=1.0 launchIdx=-1
06-07 22:59:25.132 14018 14018 D AuraOrbit.A11y: === DEBUG DUMP TREE START ===
06-07 22:59:25.132 14018 14018 D AuraOrbit.A11y: android.widget.FrameLayout [visible]
06-07 22:59:25.134 14018 14018 D AuraOrbit.A11y:   android.widget.FrameLayout [visible]
06-07 22:59:25.136 14018 14018 D AuraOrbit.A11y:     android.widget.FrameLayout [visible]
06-07 22:59:25.136 14018 14018 D AuraOrbit.A11y:       android.view.ViewGroup [visible]
06-07 22:59:25.136 14018 14018 D AuraOrbit.A11y:         android.widget.LinearLayout
06-07 22:59:25.136 14018 14018 D AuraOrbit.A11y:         android.widget.FrameLayout [visible]
06-07 22:59:25.138 14018 14018 D AuraOrbit.A11y:           android.widget.FrameLayout [visible]
06-07 22:59:25.139 14018 14018 D AuraOrbit.A11y:             android.widget.TextView text='32°' desc='Current temperature, 32 degrees' [visible]
06-07 22:59:25.139 14018 14018 D AuraOrbit.A11y:             android.widget.TextView text='Tomorrow's high feels like 44°C due to humidity' desc='Tomorrow's high feels like 44°C due to humidity' [visible]
06-07 22:59:25.139 14018 14018 D AuraOrbit.A11y:             android.widget.TextView text='TP 13' desc='TP 13' [visible]
06-07 22:59:25.141 14018 14018 D AuraOrbit.A11y:             android.widget.ImageView desc='Smoke' [visible]
06-07 22:59:25.142 14018 14018 D AuraOrbit.A11y:         android.widget.FrameLayout [visible]
06-07 22:59:25.144 14018 14018 D AuraOrbit.A11y:           android.widget.FrameLayout [visible]
06-07 22:59:25.144 14018 14018 D AuraOrbit.A11y:             android.widget.FrameLayout desc='Screen time,6 hours 28 minutes Call of Duty 3 hours 11 minutes Instagram 1 hour 21 minutes YouTube 33 minutes' [visible]
06-07 22:59:25.144 14018 14018 D AuraOrbit.A11y:               android.widget.TextView text='Call of Duty' [visible]
06-07 22:59:25.144 14018 14018 D AuraOrbit.A11y:               android.widget.TextView text='Instagram' [visible]
06-07 22:59:25.146 14018 14018 D AuraOrbit.A11y:               android.widget.TextView text='YouTube' [visible]
06-07 22:59:25.147 14018 14018 D AuraOrbit.A11y:               android.widget.TextView text='6' [visible]
06-07 22:59:25.149 14018 14018 D AuraOrbit.A11y:               android.widget.TextView text=' h ' [visible]
06-07 22:59:25.150 14018 14018 D AuraOrbit.A11y:               android.widget.TextView text='28' [visible]
06-07 22:59:25.150 14018 14018 D AuraOrbit.A11y:               android.widget.TextView text=' m' [visible]
06-07 22:59:25.151 14018 14018 D AuraOrbit.A11y:               android.widget.ProgressBar [visible]
06-07 22:59:25.151 14018 14018 D AuraOrbit.A11y:               android.widget.ProgressBar [visible]
06-07 22:59:25.152 14018 14018 D AuraOrbit.A11y:               android.widget.ProgressBar [visible]
06-07 22:59:25.153 14018 14018 D AuraOrbit.A11y:               android.widget.ProgressBar [visible]
06-07 22:59:25.154 14018 14018 D AuraOrbit.A11y:               android.widget.FrameLayout [visible]
06-07 22:59:25.154 14018 14018 D AuraOrbit.A11y:                 android.widget.ImageView desc='Refresh' [visible]
06-07 22:59:25.155 14018 14018 D AuraOrbit.A11y:         android.widget.FrameLayout [visible]
06-07 22:59:25.156 14018 14018 D AuraOrbit.A11y:           android.widget.ImageView desc='Google Search' [visible]
06-07 22:59:25.156 14018 14018 D AuraOrbit.A11y:           android.widget.ImageButton desc='Google app' [visible]
06-07 22:59:25.156 14018 14018 D AuraOrbit.A11y:           android.widget.ImageButton desc='Voice search' [visible]
06-07 22:59:25.156 14018 14018 D AuraOrbit.A11y:           android.widget.ImageButton desc='Camera search' [visible]
06-07 22:59:25.159 14018 14018 D AuraOrbit.A11y:         android.widget.FrameLayout desc='Gallery' [visible]
06-07 22:59:25.159 14018 14018 D AuraOrbit.A11y:           android.widget.TextView text='Gallery' [visible]
06-07 22:59:25.160 14018 14018 D AuraOrbit.A11y:         android.widget.FrameLayout desc='Play Store' [visible]
06-07 22:59:25.162 14018 14018 D AuraOrbit.A11y:           android.widget.TextView text='Play Store' [visible]
06-07 22:59:25.163 14018 14018 D AuraOrbit.A11y:         android.widget.FrameLayout desc='Settings' [visible]
06-07 22:59:25.163 14018 14018 D AuraOrbit.A11y:           android.widget.TextView text='Settings' [visible]
06-07 22:59:25.164 14018 14018 D AuraOrbit.A11y:         android.widget.FrameLayout desc='Messages' [visible]
06-07 22:59:25.165 14018 14018 D AuraOrbit.A11y:           android.widget.TextView text='Messages' [visible]
06-07 22:59:25.165 14018 14018 D AuraOrbit.A11y:         android.widget.FrameLayout desc='Money Manager' [visible]
06-07 22:59:25.166 14018 14018 D AuraOrbit.A11y:           android.widget.TextView text='Money Manager' [visible]
06-07 22:59:25.167 14018 14018 D AuraOrbit.A11y:         android.widget.FrameLayout desc='Payment, Folder' [visible]
06-07 22:59:25.167 14018 14018 D AuraOrbit.A11y:           android.widget.TextView text='Payment' [visible]
06-07 22:59:25.168 14018 14018 D AuraOrbit.A11y:         android.widget.FrameLayout desc='Food, Folder' [visible]
06-07 22:59:25.168 14018 14018 D AuraOrbit.A11y:           android.widget.TextView text='Food' [visible]
06-07 22:59:25.169 14018 14018 D AuraOrbit.A11y:         android.widget.FrameLayout desc='Authenticator' [visible]
06-07 22:59:25.169 14018 14018 D AuraOrbit.A11y:           android.widget.TextView text='Authenticator' [visible]
06-07 22:59:25.170 14018 14018 D AuraOrbit.A11y:         android.widget.FrameLayout desc='Microsoft, Folder' [visible]
06-07 22:59:25.170 14018 14018 D AuraOrbit.A11y:           android.widget.TextView text='Microsoft' [visible]
06-07 22:59:25.170 14018 14018 D AuraOrbit.A11y:         android.widget.FrameLayout desc='Google, Folder' [visible]
06-07 22:59:25.170 14018 14018 D AuraOrbit.A11y:           android.widget.TextView text='Google' [visible]
06-07 22:59:25.171 14018 14018 D AuraOrbit.A11y:         android.widget.LinearLayout
06-07 22:59:25.171 14018 14018 D AuraOrbit.A11y:         android.widget.FrameLayout
06-07 22:59:25.172 14018 14018 D AuraOrbit.A11y:           android.widget.FrameLayout desc='Reminder widget'
06-07 22:59:25.172 14018 14018 D AuraOrbit.A11y:             android.widget.FrameLayout
06-07 22:59:25.172 14018 14018 D AuraOrbit.A11y:               android.widget.LinearLayout desc='Open Reminder'
06-07 22:59:25.173 14018 14018 D AuraOrbit.A11y:                 android.widget.FrameLayout
06-07 22:59:25.173 14018 14018 D AuraOrbit.A11y:                   android.widget.LinearLayout desc='All Dropdown list'
06-07 22:59:25.173 14018 14018 D AuraOrbit.A11y:                     android.widget.TextView text='All'
06-07 22:59:25.173 14018 14018 D AuraOrbit.A11y:             android.widget.FrameLayout
06-07 22:59:25.173 14018 14018 D AuraOrbit.A11y:               android.widget.LinearLayout desc='Add reminder Button'
06-07 22:59:25.173 14018 14018 D AuraOrbit.A11y:             android.widget.ListView
06-07 22:59:25.174 14018 14018 D AuraOrbit.A11y:               android.appwidget.AppWidgetHostView
06-07 22:59:25.174 14018 14018 D AuraOrbit.A11y:                 android.widget.FrameLayout
06-07 22:59:25.174 14018 14018 D AuraOrbit.A11y:                   android.widget.LinearLayout desc='DSA'
06-07 22:59:25.174 14018 14018 D AuraOrbit.A11y:                     android.widget.FrameLayout
06-07 22:59:25.174 14018 14018 D AuraOrbit.A11y:                       android.widget.ImageView desc='Not checked, DSA'
06-07 22:59:25.174 14018 14018 D AuraOrbit.A11y:                     android.widget.TextView text='DSA'
06-07 22:59:25.175 14018 14018 D AuraOrbit.A11y:         android.widget.FrameLayout
06-07 22:59:25.175 14018 14018 D AuraOrbit.A11y:           android.widget.FrameLayout desc='Voice Recorder'
06-07 22:59:25.175 14018 14018 D AuraOrbit.A11y:             android.widget.RelativeLayout
06-07 22:59:25.175 14018 14018 D AuraOrbit.A11y:               android.widget.Chronometer text='00:00' desc='0 seconds'
06-07 22:59:25.176 14018 14018 D AuraOrbit.A11y:               android.widget.LinearLayout desc='Record, Button'
06-07 22:59:25.176 14018 14018 D AuraOrbit.A11y:         android.widget.FrameLayout desc='NoScroll'
06-07 22:59:25.176 14018 14018 D AuraOrbit.A11y:           android.widget.TextView text='NoScroll'
06-07 22:59:25.177 14018 14018 D AuraOrbit.A11y:         android.widget.FrameLayout desc='Keep notes'
06-07 22:59:25.177 14018 14018 D AuraOrbit.A11y:           android.widget.TextView text='Keep notes'
06-07 22:59:25.177 14018 14018 D AuraOrbit.A11y:         android.widget.FrameLayout desc='KDE Connect, 1 notification'
06-07 22:59:25.178 14018 14018 D AuraOrbit.A11y:           android.widget.TextView text='KDE Connect'
06-07 22:59:25.179 14018 14018 D AuraOrbit.A11y:         android.widget.FrameLayout desc='Rapido'
06-07 22:59:25.179 14018 14018 D AuraOrbit.A11y:           android.widget.TextView text='Rapido'
06-07 22:59:25.179 14018 14018 D AuraOrbit.A11y:         android.widget.FrameLayout desc='Bixby'
06-07 22:59:25.179 14018 14018 D AuraOrbit.A11y:           android.widget.TextView text='Bixby'
06-07 22:59:25.180 14018 14018 D AuraOrbit.A11y:         android.widget.FrameLayout
06-07 22:59:25.181 14018 14018 D AuraOrbit.A11y:           android.widget.FrameLayout
06-07 22:59:25.181 14018 14018 D AuraOrbit.A11y:             android.view.View desc='22:59'
06-07 22:59:25.181 14018 14018 D AuraOrbit.A11y:             android.widget.TextView text='Sun,' desc='Sun,'
06-07 22:59:25.181 14018 14018 D AuraOrbit.A11y:             android.widget.TextView text='7 Jun' desc='7 Jun'
06-07 22:59:25.181 14018 14018 D AuraOrbit.A11y:         android.widget.FrameLayout desc='Call of Duty'
06-07 22:59:25.182 14018 14018 D AuraOrbit.A11y:           android.widget.TextView text='Call of Duty'
06-07 22:59:25.182 14018 14018 D AuraOrbit.A11y:         android.widget.FrameLayout desc='Instagram'
06-07 22:59:25.182 14018 14018 D AuraOrbit.A11y:           android.widget.TextView text='Instagram'
06-07 22:59:25.183 14018 14018 D AuraOrbit.A11y:         android.widget.FrameLayout desc='Money Manager'
06-07 22:59:25.183 14018 14018 D AuraOrbit.A11y:           android.widget.TextView text='Money Manager'
06-07 22:59:25.183 14018 14018 D AuraOrbit.A11y:         android.widget.FrameLayout desc='Calculator'
06-07 22:59:25.184 14018 14018 D AuraOrbit.A11y:           android.widget.TextView text='Calculator'
06-07 22:59:25.184 14018 14018 D AuraOrbit.A11y:         android.widget.FrameLayout
06-07 22:59:25.184 14018 14018 D AuraOrbit.A11y:           android.widget.FrameLayout
06-07 22:59:25.184 14018 14018 D AuraOrbit.A11y:             android.widget.LinearLayout desc='Type Gemini prompt'
06-07 22:59:25.185 14018 14018 D AuraOrbit.A11y:               android.widget.TextView text='Ask Gemini'
06-07 22:59:25.185 14018 14018 D AuraOrbit.A11y:           android.widget.FrameLayout
06-07 22:59:25.185 14018 14018 D AuraOrbit.A11y:             android.widget.LinearLayout desc='Share video with Gemini Live'
06-07 22:59:25.186 14018 14018 D AuraOrbit.A11y:               android.widget.TextView text='Video'
06-07 22:59:25.186 14018 14018 D AuraOrbit.A11y:           android.widget.FrameLayout
06-07 22:59:25.186 14018 14018 D AuraOrbit.A11y:             android.widget.LinearLayout desc='Talk with Gemini Live'
06-07 22:59:25.187 14018 14018 D AuraOrbit.A11y:               android.widget.TextView text='Live'
06-07 22:59:25.187 14018 14018 D AuraOrbit.A11y:         android.widget.FrameLayout
06-07 22:59:25.187 14018 14018 D AuraOrbit.A11y:           android.widget.FrameLayout
06-07 22:59:25.187 14018 14018 D AuraOrbit.A11y:             android.widget.ImageButton desc='Copy'
06-07 22:59:25.188 14018 14018 D AuraOrbit.A11y:         android.widget.FrameLayout
06-07 22:59:25.188 14018 14018 D AuraOrbit.A11y:           android.widget.FrameLayout
06-07 22:59:25.189 14018 14018 D AuraOrbit.A11y:             android.widget.FrameLayout desc='Mummy, Direct Dial'
06-07 22:59:25.189 14018 14018 D AuraOrbit.A11y:           android.widget.TextView
06-07 22:59:25.189 14018 14018 D AuraOrbit.A11y:           android.widget.TextView text='Mummy'
06-07 22:59:25.189 14018 14018 D AuraOrbit.A11y:           android.widget.FrameLayout
06-07 22:59:25.189 14018 14018 D AuraOrbit.A11y:             android.widget.FrameLayout desc='Nency, Direct Dial'
06-07 22:59:25.189 14018 14018 D AuraOrbit.A11y:           android.widget.TextView
06-07 22:59:25.190 14018 14018 D AuraOrbit.A11y:           android.widget.TextView text='Nency'
06-07 22:59:25.190 14018 14018 D AuraOrbit.A11y:           android.widget.FrameLayout
06-07 22:59:25.190 14018 14018 D AuraOrbit.A11y:             android.widget.FrameLayout desc='Papa, Direct Dial'
06-07 22:59:25.191 14018 14018 D AuraOrbit.A11y:           android.widget.TextView
06-07 22:59:25.191 14018 14018 D AuraOrbit.A11y:           android.widget.TextView text='Papa'
06-07 22:59:25.191 14018 14018 D AuraOrbit.A11y:           android.widget.FrameLayout
06-07 22:59:25.191 14018 14018 D AuraOrbit.A11y:             android.widget.FrameLayout desc='No contact'
06-07 22:59:25.192 14018 14018 D AuraOrbit.A11y:           android.widget.TextView
06-07 22:59:25.192 14018 14018 D AuraOrbit.A11y:           android.widget.TextView
06-07 22:59:25.192 14018 14018 D AuraOrbit.A11y:         android.widget.LinearLayout
06-07 22:59:25.193 14018 14018 D AuraOrbit.A11y:         android.widget.FrameLayout
06-07 22:59:25.193 14018 14018 D AuraOrbit.A11y:           android.widget.FrameLayout desc='Month'
06-07 22:59:25.193 14018 14018 D AuraOrbit.A11y:             android.widget.FrameLayout
06-07 22:59:25.193 14018 14018 D AuraOrbit.A11y:               android.widget.FrameLayout
06-07 22:59:25.194 14018 14018 D AuraOrbit.A11y:                 android.widget.ImageView desc='Previous month Button'
06-07 22:59:25.194 14018 14018 D AuraOrbit.A11y:               android.widget.TextView text='JUN' desc='June '
06-07 22:59:25.195 14018 14018 D AuraOrbit.A11y:               android.widget.FrameLayout
06-07 22:59:25.195 14018 14018 D AuraOrbit.A11y:                 android.widget.ImageView desc='Next month Button'
06-07 22:59:25.195 14018 14018 D AuraOrbit.A11y:               android.widget.FrameLayout
06-07 22:59:25.196 14018 14018 D AuraOrbit.A11y:                 android.widget.ImageView desc='Handwriting Button'
06-07 22:59:25.196 14018 14018 D AuraOrbit.A11y:               android.widget.FrameLayout
06-07 22:59:25.196 14018 14018 D AuraOrbit.A11y:                 android.widget.ImageView desc='Add detailed event Button'
06-07 22:59:25.196 14018 14018 D AuraOrbit.A11y:               android.widget.FrameLayout
06-07 22:59:25.197 14018 14018 D AuraOrbit.A11y:                 android.widget.TextView text='7' desc='7, Today Button'
06-07 22:59:25.197 14018 14018 D AuraOrbit.A11y:             android.widget.TextView text='M'
06-07 22:59:25.197 14018 14018 D AuraOrbit.A11y:             android.widget.TextView text='T'
06-07 22:59:25.198 14018 14018 D AuraOrbit.A11y:             android.widget.TextView text='W'
06-07 22:59:25.198 14018 14018 D AuraOrbit.A11y:             android.widget.TextView text='T'
06-07 22:59:25.198 14018 14018 D AuraOrbit.A11y:             android.widget.TextView text='F'
06-07 22:59:25.198 14018 14018 D AuraOrbit.A11y:             android.widget.TextView text='S'
06-07 22:59:25.199 14018 14018 D AuraOrbit.A11y:             android.widget.TextView text='S'
06-07 22:59:25.199 14018 14018 D AuraOrbit.A11y:             android.widget.FrameLayout
06-07 22:59:25.199 14018 14018 D AuraOrbit.A11y:               android.widget.FrameLayout
06-07 22:59:25.199 14018 14018 D AuraOrbit.A11y:                 android.widget.FrameLayout desc='Monday, 1 June, Add event'
06-07 22:59:25.199 14018 14018 D AuraOrbit.A11y:               android.widget.FrameLayout
06-07 22:59:25.200 14018 14018 D AuraOrbit.A11y:                 android.widget.FrameLayout desc='Tuesday, 2 June, Add event'
06-07 22:59:25.200 14018 14018 D AuraOrbit.A11y:               android.widget.FrameLayout
06-07 22:59:25.201 14018 14018 D AuraOrbit.A11y:                 android.widget.FrameLayout desc='Wednesday, 3 June, Add event'
06-07 22:59:25.201 14018 14018 D AuraOrbit.A11y:               android.widget.FrameLayout
06-07 22:59:25.201 14018 14018 D AuraOrbit.A11y:                 android.widget.FrameLayout desc='Thursday, 4 June, Add event'
06-07 22:59:25.201 14018 14018 D AuraOrbit.A11y:               android.widget.FrameLayout
06-07 22:59:25.202 14018 14018 D AuraOrbit.A11y:                 android.widget.FrameLayout desc='Friday, 5 June, Add event'
06-07 22:59:25.202 14018 14018 D AuraOrbit.A11y:               android.widget.FrameLayout
06-07 22:59:25.203 14018 14018 D AuraOrbit.A11y:                 android.widget.FrameLayout desc='Saturday, 6 June, Add event'
06-07 22:59:25.203 14018 14018 D AuraOrbit.A11y:               android.widget.FrameLayout
06-07 22:59:25.203 14018 14018 D AuraOrbit.A11y:                 android.widget.FrameLayout desc='Today, Sunday, 7 June, 1 event'
06-07 22:59:25.204 14018 14018 D AuraOrbit.A11y:               android.widget.FrameLayout
06-07 22:59:25.204 14018 14018 D AuraOrbit.A11y:                 android.widget.FrameLayout desc='Monday, 8 June, Add event'
06-07 22:59:25.204 14018 14018 D AuraOrbit.A11y:               android.widget.FrameLayout
06-07 22:59:25.205 14018 14018 D AuraOrbit.A11y:                 android.widget.FrameLayout desc='Tuesday, 9 June, Add event'
06-07 22:59:25.205 14018 14018 D AuraOrbit.A11y:               android.widget.FrameLayout
06-07 22:59:25.205 14018 14018 D AuraOrbit.A11y:                 android.widget.FrameLayout desc='Wednesday, 10 June, Add event'
06-07 22:59:25.205 14018 14018 D AuraOrbit.A11y:               android.widget.FrameLayout
06-07 22:59:25.206 14018 14018 D AuraOrbit.A11y:                 android.widget.FrameLayout desc='Thursday, 11 June, Add event'
06-07 22:59:25.206 14018 14018 D AuraOrbit.A11y:               android.widget.FrameLayout
06-07 22:59:25.206 14018 14018 D AuraOrbit.A11y:                 android.widget.FrameLayout desc='Friday, 12 June, Add event'
06-07 22:59:25.206 14018 14018 D AuraOrbit.A11y:               android.widget.FrameLayout
06-07 22:59:25.207 14018 14018 D AuraOrbit.A11y:                 android.widget.FrameLayout desc='Saturday, 13 June, Add event'
06-07 22:59:25.207 14018 14018 D AuraOrbit.A11y:               android.widget.FrameLayout
06-07 22:59:25.207 14018 14018 D AuraOrbit.A11y:                 android.widget.FrameLayout desc='Sunday, 14 June, Add event'
06-07 22:59:25.208 14018 14018 D AuraOrbit.A11y:               android.widget.FrameLayout
06-07 22:59:25.208 14018 14018 D AuraOrbit.A11y:                 android.widget.FrameLayout desc='Monday, 15 June, Add event'
06-07 22:59:25.208 14018 14018 D AuraOrbit.A11y:               android.widget.FrameLayout
06-07 22:59:25.209 14018 14018 D AuraOrbit.A11y:                 android.widget.FrameLayout desc='Tuesday, 16 June, Add event'
06-07 22:59:25.209 14018 14018 D AuraOrbit.A11y:               android.widget.FrameLayout
06-07 22:59:25.209 14018 14018 D AuraOrbit.A11y:                 android.widget.FrameLayout desc='Wednesday, 17 June, Add event'
06-07 22:59:25.209 14018 14018 D AuraOrbit.A11y:               android.widget.FrameLayout
06-07 22:59:25.210 14018 14018 D AuraOrbit.A11y:                 android.widget.FrameLayout desc='Thursday, 18 June, Add event'
06-07 22:59:25.210 14018 14018 D AuraOrbit.A11y:               android.widget.FrameLayout
06-07 22:59:25.210 14018 14018 D AuraOrbit.A11y:                 android.widget.FrameLayout desc='Friday, 19 June, Add event'
06-07 22:59:25.210 14018 14018 D AuraOrbit.A11y:               android.widget.FrameLayout
06-07 22:59:25.211 14018 14018 D AuraOrbit.A11y:                 android.widget.FrameLayout desc='Saturday, 20 June, Add event'
06-07 22:59:25.211 14018 14018 D AuraOrbit.A11y:               android.widget.FrameLayout
06-07 22:59:25.212 14018 14018 D AuraOrbit.A11y:                 android.widget.FrameLayout desc='Sunday, 21 June, Add event'
06-07 22:59:25.212 14018 14018 D AuraOrbit.A11y:               android.widget.FrameLayout
06-07 22:59:25.212 14018 14018 D AuraOrbit.A11y:                 android.widget.FrameLayout desc='Monday, 22 June, Add event'
06-07 22:59:25.212 14018 14018 D AuraOrbit.A11y:               android.widget.FrameLayout
06-07 22:59:25.213 14018 14018 D AuraOrbit.A11y:                 android.widget.FrameLayout desc='Tuesday, 23 June, Add event'
06-07 22:59:25.213 14018 14018 D AuraOrbit.A11y:               android.widget.FrameLayout
06-07 22:59:25.213 14018 14018 D AuraOrbit.A11y:                 android.widget.FrameLayout desc='Wednesday, 24 June, Add event'
06-07 22:59:25.213 14018 14018 D AuraOrbit.A11y:               android.widget.FrameLayout
06-07 22:59:25.214 14018 14018 D AuraOrbit.A11y:                 android.widget.FrameLayout desc='Thursday, 25 June, Add event'
06-07 22:59:25.214 14018 14018 D AuraOrbit.A11y:               android.widget.FrameLayout
06-07 22:59:25.214 14018 14018 D AuraOrbit.A11y:                 android.widget.FrameLayout desc='Friday, 26 June, 1 event'
06-07 22:59:25.214 14018 14018 D AuraOrbit.A11y:               android.widget.FrameLayout
06-07 22:59:25.215 14018 14018 D AuraOrbit.A11y:                 android.widget.FrameLayout desc='Saturday, 27 June, Add event'
06-07 22:59:25.215 14018 14018 D AuraOrbit.A11y:               android.widget.FrameLayout
06-07 22:59:25.215 14018 14018 D AuraOrbit.A11y:                 android.widget.FrameLayout desc='Sunday, 28 June, Add event'
06-07 22:59:25.215 14018 14018 D AuraOrbit.A11y:               android.widget.FrameLayout
06-07 22:59:25.216 14018 14018 D AuraOrbit.A11y:                 android.widget.FrameLayout desc='Monday, 29 June, Add event'
06-07 22:59:25.216 14018 14018 D AuraOrbit.A11y:               android.widget.FrameLayout
06-07 22:59:25.216 14018 14018 D AuraOrbit.A11y:                 android.widget.FrameLayout desc='Tuesday, 30 June, 1 event'
06-07 22:59:25.216 14018 14018 D AuraOrbit.A11y:               android.widget.FrameLayout
06-07 22:59:25.217 14018 14018 D AuraOrbit.A11y:                 android.widget.FrameLayout desc='Wednesday, 1 July, Add event'
06-07 22:59:25.217 14018 14018 D AuraOrbit.A11y:               android.widget.FrameLayout
06-07 22:59:25.217 14018 14018 D AuraOrbit.A11y:                 android.widget.FrameLayout desc='Thursday, 2 July, Add event'
06-07 22:59:25.217 14018 14018 D AuraOrbit.A11y:               android.widget.FrameLayout
06-07 22:59:25.218 14018 14018 D AuraOrbit.A11y:                 android.widget.FrameLayout desc='Friday, 3 July, Add event'
06-07 22:59:25.218 14018 14018 D AuraOrbit.A11y:               android.widget.FrameLayout
06-07 22:59:25.218 14018 14018 D AuraOrbit.A11y:                 android.widget.FrameLayout desc='Saturday, 4 July, Add event'
06-07 22:59:25.218 14018 14018 D AuraOrbit.A11y:               android.widget.FrameLayout
06-07 22:59:25.219 14018 14018 D AuraOrbit.A11y:                 android.widget.FrameLayout desc='Sunday, 5 July, 1 event'
06-07 22:59:25.219 14018 14018 D AuraOrbit.A11y:         android.widget.FrameLayout
06-07 22:59:25.220 14018 14018 D AuraOrbit.A11y:           android.widget.FrameLayout
06-07 22:59:25.220 14018 14018 D AuraOrbit.A11y:             android.widget.FrameLayout desc='Device care'
06-07 22:59:25.220 14018 14018 D AuraOrbit.A11y:               android.widget.FrameLayout
06-07 22:59:25.220 14018 14018 D AuraOrbit.A11y:                 android.widget.ImageView desc='Optimise now'
06-07 22:59:25.220 14018 14018 D AuraOrbit.A11y:               android.widget.TextView text='Optimise'
06-07 22:59:25.220 14018 14018 D AuraOrbit.A11y:               android.widget.ProgressBar
06-07 22:59:25.221 14018 14018 D AuraOrbit.A11y:               android.widget.TextView
06-07 22:59:25.221 14018 14018 D AuraOrbit.A11y:               android.widget.TextView text='74.4 GB'
06-07 22:59:25.221 14018 14018 D AuraOrbit.A11y:               android.widget.TextView
06-07 22:59:25.221 14018 14018 D AuraOrbit.A11y:               android.widget.TextView text=' / '
06-07 22:59:25.222 14018 14018 D AuraOrbit.A11y:               android.widget.TextView text='256 GB'
06-07 22:59:25.222 14018 14018 D AuraOrbit.A11y:               android.widget.TextView
06-07 22:59:25.222 14018 14018 D AuraOrbit.A11y:               android.widget.ProgressBar
06-07 22:59:25.223 14018 14018 D AuraOrbit.A11y:               android.widget.TextView text='7.5'
06-07 22:59:25.223 14018 14018 D AuraOrbit.A11y:               android.widget.TextView text='GB'
06-07 22:59:25.223 14018 14018 D AuraOrbit.A11y:               android.widget.TextView text=' / '
06-07 22:59:25.224 14018 14018 D AuraOrbit.A11y:               android.widget.TextView
06-07 22:59:25.224 14018 14018 D AuraOrbit.A11y:               android.widget.TextView text='12 GB'
06-07 22:59:25.224 14018 14018 D AuraOrbit.A11y:               android.widget.TextView
06-07 22:59:25.224 14018 14018 D AuraOrbit.A11y:         android.widget.LinearLayout
06-07 22:59:25.224 14018 14018 D AuraOrbit.A11y:       android.widget.FrameLayout desc='Page 1 of 4 ' [visible]
06-07 22:59:25.224 14018 14018 D AuraOrbit.A11y:       android.widget.FrameLayout desc='Page 2 of 4 ' [visible]
06-07 22:59:25.225 14018 14018 D AuraOrbit.A11y:       android.widget.FrameLayout desc='Page 3 of 4 ' [visible]
06-07 22:59:25.225 14018 14018 D AuraOrbit.A11y:       android.widget.FrameLayout desc='Page 4 of 4 ' [visible]
06-07 22:59:25.225 14018 14018 D AuraOrbit.A11y:     android.widget.RelativeLayout [visible]
06-07 22:59:25.225 14018 14018 D AuraOrbit.A11y:       android.widget.FrameLayout desc='Phone' [visible]
06-07 22:59:25.226 14018 14018 D AuraOrbit.A11y:         android.widget.TextView text='Phone' [visible]
06-07 22:59:25.226 14018 14018 D AuraOrbit.A11y:       android.widget.FrameLayout desc='Camera' [visible]
06-07 22:59:25.226 14018 14018 D AuraOrbit.A11y:         android.widget.TextView text='Camera' [visible]
06-07 22:59:25.226 14018 14018 D AuraOrbit.A11y:       android.widget.FrameLayout desc='Brave' [visible]
06-07 22:59:25.227 14018 14018 D AuraOrbit.A11y:         android.widget.TextView text='Brave' [visible]
06-07 22:59:25.227 14018 14018 D AuraOrbit.A11y:       android.widget.FrameLayout desc='YouTube' [visible]
06-07 22:59:25.227 14018 14018 D AuraOrbit.A11y:         android.widget.TextView text='YouTube' [visible]
06-07 22:59:25.228 14018 14018 D AuraOrbit.A11y:       android.widget.FrameLayout desc='WhatsApp' [visible]
06-07 22:59:25.228 14018 14018 D AuraOrbit.A11y:         android.widget.TextView text='WhatsApp' [visible]
06-07 22:59:25.228 14018 14018 D AuraOrbit.A11y: === DEBUG DUMP TREE END ===
06-07 22:59:25.231 14018 14018 D AuraOrbit.A11y: home page=1 of 4
06-07 22:59:25.709 14018 14125 D AuraOrbit.Engine: VIS branch=A11Y target=1.0 pv=1.0 | a11y[conn=true page=1 of=4 drawer=false ageMs=477] | inferredPage=0 activePage=0 offsetsEver=false xStep=-1.0 xOff=0.5 | preview=false visible=true zoom=0.0 returnAnim=1.0 launchIdx=-1
06-07 22:59:26.414 14018 14018 D AuraOrbit.A11y: home page=1 of 4
06-07 22:59:26.715 14018 14125 D AuraOrbit.Engine: VIS branch=A11Y target=1.0 pv=1.0 | a11y[conn=true page=1 of=4 drawer=false ageMs=301] | inferredPage=0 activePage=0 offsetsEver=false xStep=-1.0 xOff=0.5 | preview=false visible=true zoom=0.0 returnAnim=1.0 launchIdx=-1
06-07 22:59:27.724 14018 14125 D AuraOrbit.Engine: VIS branch=A11Y target=1.0 pv=1.0 | a11y[conn=true page=1 of=4 drawer=false ageMs=1309] | inferredPage=0 activePage=0 offsetsEver=false xStep=-1.0 xOff=0.5 | preview=false visible=true zoom=0.0 returnAnim=1.0 launchIdx=-1
06-07 22:59:28.730 14018 14125 D AuraOrbit.Engine: VIS branch=A11Y target=1.0 pv=1.0 | a11y[conn=true page=1 of=4 drawer=false ageMs=2315] | inferredPage=0 activePage=0 offsetsEver=false xStep=-1.0 xOff=0.5 | preview=false visible=true zoom=0.0 returnAnim=1.0 launchIdx=-1
06-07 22:59:29.737 14018 14125 D AuraOrbit.Engine: VIS branch=A11Y target=1.0 pv=1.0 | a11y[conn=true page=1 of=4 drawer=false ageMs=3322] | inferredPage=0 activePage=0 offsetsEver=false xStep=-1.0 xOff=0.5 | preview=false visible=true zoom=0.0 returnAnim=1.0 launchIdx=-1
06-07 22:59:30.744 14018 14125 D AuraOrbit.Engine: VIS branch=A11Y target=1.0 pv=1.0 | a11y[conn=true page=1 of=4 drawer=false ageMs=4329] | inferredPage=0 activePage=0 offsetsEver=false xStep=-1.0 xOff=0.5 | preview=false visible=true zoom=0.0 returnAnim=1.0 launchIdx=-1
06-07 22:59:31.751 14018 14125 D AuraOrbit.Engine: VIS branch=DEAD-RECKONING target=1.0 pv=1.0 | a11y[conn=true page=1 of=4 drawer=false ageMs=5337] | inferredPage=0 activePage=0 offsetsEver=false xStep=-1.0 xOff=0.5 | preview=false visible=true zoom=0.0 returnAnim=1.0 launchIdx=-1
06-07 22:59:32.758 14018 14125 D AuraOrbit.Engine: VIS branch=DEAD-RECKONING target=1.0 pv=1.0 | a11y[conn=true page=1 of=4 drawer=false ageMs=6343] | inferredPage=0 activePage=0 offsetsEver=false xStep=-1.0 xOff=0.5 | preview=false visible=true zoom=0.0 returnAnim=1.0 launchIdx=-1
06-07 22:59:33.765 14018 14125 D AuraOrbit.Engine: VIS branch=DEAD-RECKONING target=1.0 pv=1.0 | a11y[conn=true page=1 of=4 drawer=false ageMs=7350] | inferredPage=0 activePage=0 offsetsEver=false xStep=-1.0 xOff=0.5 | preview=false visible=true zoom=0.0 returnAnim=1.0 launchIdx=-1
06-07 22:59:34.772 14018 14125 D AuraOrbit.Engine: VIS branch=DEAD-RECKONING target=1.0 pv=1.0 | a11y[conn=true page=1 of=4 drawer=false ageMs=8357] | inferredPage=0 activePage=0 offsetsEver=false xStep=-1.0 xOff=0.5 | preview=false visible=true zoom=0.0 returnAnim=1.0 launchIdx=-1
06-07 22:59:35.779 14018 14125 D AuraOrbit.Engine: VIS branch=DEAD-RECKONING target=1.0 pv=1.0 | a11y[conn=true page=1 of=4 drawer=false ageMs=9364] | inferredPage=0 activePage=0 offsetsEver=false xStep=-1.0 xOff=0.5 | preview=false visible=true zoom=0.0 returnAnim=1.0 launchIdx=-1
06-07 22:59:36.786 14018 14125 D AuraOrbit.Engine: VIS branch=DEAD-RECKONING target=1.0 pv=1.0 | a11y[conn=true page=1 of=4 drawer=false ageMs=10371] | inferredPage=0 activePage=0 offsetsEver=false xStep=-1.0 xOff=0.5 | preview=false visible=true zoom=0.0 returnAnim=1.0 launchIdx=-1
06-07 22:59:37.793 14018 14125 D AuraOrbit.Engine: VIS branch=DEAD-RECKONING target=1.0 pv=1.0 | a11y[conn=true page=1 of=4 drawer=false ageMs=11378] | inferredPage=0 activePage=0 offsetsEver=false xStep=-1.0 xOff=0.5 | preview=false visible=true zoom=0.0 returnAnim=1.0 launchIdx=-1
06-07 22:59:38.800 14018 14125 D AuraOrbit.Engine: VIS branch=DEAD-RECKONING target=1.0 pv=1.0 | a11y[conn=true page=1 of=4 drawer=false ageMs=12385] | inferredPage=0 activePage=0 offsetsEver=false xStep=-1.0 xOff=0.5 | preview=false visible=true zoom=0.0 returnAnim=1.0 launchIdx=-1
06-07 22:59:39.190 14018 14018 D AuraOrbit.A11y: === DEBUG DUMP TREE START ===
06-07 22:59:39.190 14018 14018 D AuraOrbit.A11y: android.widget.FrameLayout [visible]
06-07 22:59:39.191 14018 14018 D AuraOrbit.A11y:   android.widget.FrameLayout [visible]
06-07 22:59:39.191 14018 14018 D AuraOrbit.A11y:     android.view.ViewGroup [visible]
06-07 22:59:39.192 14018 14018 D AuraOrbit.A11y:       android.widget.FrameLayout desc='Samsung, Folder'
06-07 22:59:39.192 14018 14018 D AuraOrbit.A11y:         android.widget.TextView text='Samsung'
06-07 22:59:39.193 14018 14018 D AuraOrbit.A11y:       android.widget.FrameLayout desc='Google, Folder'
06-07 22:59:39.194 14018 14018 D AuraOrbit.A11y:         android.widget.TextView text='Google'
06-07 22:59:39.195 14018 14018 D AuraOrbit.A11y:       android.widget.FrameLayout desc='Microsoft, Folder'
06-07 22:59:39.195 14018 14018 D AuraOrbit.A11y:         android.widget.TextView text='Microsoft'
06-07 22:59:39.196 14018 14018 D AuraOrbit.A11y:       android.widget.FrameLayout desc='Play Store'
06-07 22:59:39.197 14018 14018 D AuraOrbit.A11y:         android.widget.TextView text='Play Store'
06-07 22:59:39.197 14018 14018 D AuraOrbit.A11y:       android.widget.FrameLayout desc='Gemini'
06-07 22:59:39.198 14018 14018 D AuraOrbit.A11y:         android.widget.TextView text='Gemini'
06-07 22:59:39.199 14018 14018 D AuraOrbit.A11y:       android.widget.FrameLayout desc='Members'
06-07 22:59:39.199 14018 14018 D AuraOrbit.A11y:         android.widget.TextView text='Members'
06-07 22:59:39.200 14018 14018 D AuraOrbit.A11y:       android.widget.FrameLayout desc='Store'
06-07 22:59:39.201 14018 14018 D AuraOrbit.A11y:         android.widget.TextView text='Store'
06-07 22:59:39.202 14018 14018 D AuraOrbit.A11y:       android.widget.FrameLayout desc='Spotify'
06-07 22:59:39.202 14018 14018 D AuraOrbit.A11y:         android.widget.TextView text='Spotify'
06-07 22:59:39.204 14018 14018 D AuraOrbit.A11y:       android.widget.FrameLayout desc='Phone'
06-07 22:59:39.204 14018 14018 D AuraOrbit.A11y:         android.widget.TextView text='Phone'
06-07 22:59:39.205 14018 14018 D AuraOrbit.A11y:       android.widget.FrameLayout desc='Messages'
06-07 22:59:39.205 14018 14018 D AuraOrbit.A11y:         android.widget.TextView text='Messages'
06-07 22:59:39.205 14018 14018 D AuraOrbit.A11y:       android.widget.FrameLayout desc='Camera'
06-07 22:59:39.205 14018 14018 D AuraOrbit.A11y:         android.widget.TextView text='Camera'
06-07 22:59:39.206 14018 14018 D AuraOrbit.A11y:       android.widget.FrameLayout desc='Gallery'
06-07 22:59:39.206 14018 14018 D AuraOrbit.A11y:         android.widget.TextView text='Gallery'
06-07 22:59:39.207 14018 14018 D AuraOrbit.A11y:       android.widget.FrameLayout desc='Clock'
06-07 22:59:39.207 14018 14018 D AuraOrbit.A11y:         android.widget.TextView text='Clock'
06-07 22:59:39.208 14018 14018 D AuraOrbit.A11y:       android.widget.FrameLayout desc='Contacts'
06-07 22:59:39.208 14018 14018 D AuraOrbit.A11y:         android.widget.TextView text='Contacts'
06-07 22:59:39.209 14018 14018 D AuraOrbit.A11y:       android.widget.FrameLayout desc='Settings'
06-07 22:59:39.215 14018 14018 D AuraOrbit.A11y:         android.widget.TextView text='Settings'
06-07 22:59:39.217 14018 14018 D AuraOrbit.A11y:       android.widget.FrameLayout desc='Calendar'
06-07 22:59:39.217 14018 14018 D AuraOrbit.A11y:         android.widget.TextView text='Calendar'
06-07 22:59:39.218 14018 14018 D AuraOrbit.A11y:       android.widget.FrameLayout desc='Calculator'
06-07 22:59:39.218 14018 14018 D AuraOrbit.A11y:         android.widget.TextView text='Calculator'
06-07 22:59:39.219 14018 14018 D AuraOrbit.A11y:       android.widget.FrameLayout desc='Tips'
06-07 22:59:39.219 14018 14018 D AuraOrbit.A11y:         android.widget.TextView text='Tips'
06-07 22:59:39.220 14018 14018 D AuraOrbit.A11y:       android.widget.FrameLayout desc='Notes'
06-07 22:59:39.220 14018 14018 D AuraOrbit.A11y:         android.widget.TextView text='Notes'
06-07 22:59:39.221 14018 14018 D AuraOrbit.A11y:       android.widget.FrameLayout desc='My Galaxy'
06-07 22:59:39.221 14018 14018 D AuraOrbit.A11y:         android.widget.TextView text='My Galaxy'
06-07 22:59:39.221 14018 14018 D AuraOrbit.A11y:       android.widget.FrameLayout desc='Brave'
06-07 22:59:39.221 14018 14018 D AuraOrbit.A11y:         android.widget.TextView text='Brave'
06-07 22:59:39.221 14018 14018 D AuraOrbit.A11y:       android.widget.FrameLayout desc='KDE Connect, 1 notification'
06-07 22:59:39.221 14018 14018 D AuraOrbit.A11y:         android.widget.TextView text='KDE Connect'
06-07 22:59:39.222 14018 14018 D AuraOrbit.A11y:       android.widget.FrameLayout desc='Digilocker'
06-07 22:59:39.222 14018 14018 D AuraOrbit.A11y:         android.widget.TextView text='Digilocker'
06-07 22:59:39.222 14018 14018 D AuraOrbit.A11y:       android.widget.FrameLayout desc='NoScroll'
06-07 22:59:39.223 14018 14018 D AuraOrbit.A11y:         android.widget.TextView text='NoScroll'
06-07 22:59:39.223 14018 14018 D AuraOrbit.A11y:       android.widget.FrameLayout desc='WhatsApp'
06-07 22:59:39.223 14018 14018 D AuraOrbit.A11y:         android.widget.TextView text='WhatsApp'
06-07 22:59:39.223 14018 14018 D AuraOrbit.A11y:       android.widget.FrameLayout desc='Instagram'
06-07 22:59:39.223 14018 14018 D AuraOrbit.A11y:         android.widget.TextView text='Instagram'
06-07 22:59:39.224 14018 14018 D AuraOrbit.A11y:       android.widget.FrameLayout desc='Telegram'
06-07 22:59:39.224 14018 14018 D AuraOrbit.A11y:         android.widget.TextView text='Telegram'
06-07 22:59:39.224 14018 14018 D AuraOrbit.A11y:       android.widget.FrameLayout desc='Discord'
06-07 22:59:39.225 14018 14018 D AuraOrbit.A11y:         android.widget.TextView text='Discord'
06-07 22:59:39.225 14018 14018 D AuraOrbit.A11y:       android.widget.FrameLayout desc='GitHub'
06-07 22:59:39.226 14018 14018 D AuraOrbit.A11y:         android.widget.TextView text='GitHub'
06-07 22:59:39.226 14018 14018 D AuraOrbit.A11y:       android.widget.FrameLayout desc='Reddit'
06-07 22:59:39.226 14018 14018 D AuraOrbit.A11y:         android.widget.TextView text='Reddit'
06-07 22:59:39.227 14018 14018 D AuraOrbit.A11y:       android.widget.FrameLayout desc='My Ration'
06-07 22:59:39.227 14018 14018 D AuraOrbit.A11y:         android.widget.TextView text='My Ration'
06-07 22:59:39.227 14018 14018 D AuraOrbit.A11y:       android.widget.FrameLayout desc='Claude'
06-07 22:59:39.227 14018 14018 D AuraOrbit.A11y:         android.widget.TextView text='Claude'
06-07 22:59:39.228 14018 14018 D AuraOrbit.A11y:       android.widget.FrameLayout desc='Good Lock'
06-07 22:59:39.228 14018 14018 D AuraOrbit.A11y:         android.widget.TextView text='Good Lock'
06-07 22:59:39.229 14018 14018 D AuraOrbit.A11y:       android.widget.FrameLayout desc='Pentastic'
06-07 22:59:39.229 14018 14018 D AuraOrbit.A11y:         android.widget.TextView text='Pentastic'
06-07 22:59:39.229 14018 14018 D AuraOrbit.A11y:       android.widget.FrameLayout desc='Game Booster +'
06-07 22:59:39.229 14018 14018 D AuraOrbit.A11y:         android.widget.TextView text='Game Booster +'
06-07 22:59:39.230 14018 14018 D AuraOrbit.A11y:       android.widget.FrameLayout desc='Theme Park'
06-07 22:59:39.230 14018 14018 D AuraOrbit.A11y:         android.widget.TextView text='Theme Park'
06-07 22:59:39.230 14018 14018 D AuraOrbit.A11y:       android.widget.FrameLayout desc='Creative studio'
06-07 22:59:39.231 14018 14018 D AuraOrbit.A11y:         android.widget.TextView text='Creative studio'
06-07 22:59:39.231 14018 14018 D AuraOrbit.A11y:       android.widget.FrameLayout desc='Wonderland'
06-07 22:59:39.231 14018 14018 D AuraOrbit.A11y:         android.widget.TextView text='Wonderland'
06-07 22:59:39.232 14018 14018 D AuraOrbit.A11y:       android.widget.FrameLayout desc='NotiStar'
06-07 22:59:39.232 14018 14018 D AuraOrbit.A11y:         android.widget.TextView text='NotiStar'
06-07 22:59:39.232 14018 14018 D AuraOrbit.A11y:       android.widget.FrameLayout desc='Routines +'
06-07 22:59:39.232 14018 14018 D AuraOrbit.A11y:         android.widget.TextView text='Routines +'
06-07 22:59:39.233 14018 14018 D AuraOrbit.A11y:       android.widget.FrameLayout desc='Camera Assistant'
06-07 22:59:39.233 14018 14018 D AuraOrbit.A11y:         android.widget.TextView text='Camera Assistant'
06-07 22:59:39.233 14018 14018 D AuraOrbit.A11y:       android.widget.FrameLayout desc='Modes and Routines'
06-07 22:59:39.233 14018 14018 D AuraOrbit.A11y:         android.widget.TextView text='Modes and Routines'
06-07 22:59:39.234 14018 14018 D AuraOrbit.A11y:       android.widget.FrameLayout desc='Weather'
06-07 22:59:39.234 14018 14018 D AuraOrbit.A11y:         android.widget.TextView text='Weather'
06-07 22:59:39.234 14018 14018 D AuraOrbit.A11y:       android.widget.FrameLayout desc='GPay'
06-07 22:59:39.235 14018 14018 D AuraOrbit.A11y:         android.widget.TextView text='GPay'
06-07 22:59:39.235 14018 14018 D AuraOrbit.A11y:       android.widget.FrameLayout desc='Paytm'
06-07 22:59:39.235 14018 14018 D AuraOrbit.A11y:         android.widget.TextView text='Paytm'
06-07 22:59:39.236 14018 14018 D AuraOrbit.A11y:       android.widget.FrameLayout desc='Blinkit'
06-07 22:59:39.236 14018 14018 D AuraOrbit.A11y:         android.widget.TextView text='Blinkit'
06-07 22:59:39.236 14018 14018 D AuraOrbit.A11y:       android.widget.FrameLayout desc='Amazon'
06-07 22:59:39.237 14018 14018 D AuraOrbit.A11y:         android.widget.TextView text='Amazon'
06-07 22:59:39.237 14018 14018 D AuraOrbit.A11y:       android.widget.FrameLayout desc='Money Manager'
06-07 22:59:39.237 14018 14018 D AuraOrbit.A11y:         android.widget.TextView text='Money Manager'
06-07 22:59:39.238 14018 14018 D AuraOrbit.A11y:       android.widget.FrameLayout desc='YONO SBI'
06-07 22:59:39.238 14018 14018 D AuraOrbit.A11y:         android.widget.TextView text='YONO SBI'
06-07 22:59:39.238 14018 14018 D AuraOrbit.A11y:       android.widget.FrameLayout desc='Authenticator'
06-07 22:59:39.238 14018 14018 D AuraOrbit.A11y:         android.widget.TextView text='Authenticator'
06-07 22:59:39.239 14018 14018 D AuraOrbit.A11y:       android.widget.FrameLayout desc='Authenticator'
06-07 22:59:39.239 14018 14018 D AuraOrbit.A11y:         android.widget.TextView text='Authenticator'
06-07 22:59:39.239 14018 14018 D AuraOrbit.A11y:       android.widget.FrameLayout desc='Teams'
06-07 22:59:39.240 14018 14018 D AuraOrbit.A11y:         android.widget.TextView text='Teams'
06-07 22:59:39.240 14018 14018 D AuraOrbit.A11y:       android.widget.FrameLayout desc='Swiggy'
06-07 22:59:39.240 14018 14018 D AuraOrbit.A11y:         android.widget.TextView text='Swiggy'
06-07 22:59:39.240 14018 14018 D AuraOrbit.A11y:       android.widget.FrameLayout desc='JioHotstar'
06-07 22:59:39.241 14018 14018 D AuraOrbit.A11y:         android.widget.TextView text='JioHotstar'
06-07 22:59:39.241 14018 14018 D AuraOrbit.A11y:       android.widget.FrameLayout desc='Rapido'
06-07 22:59:39.241 14018 14018 D AuraOrbit.A11y:         android.widget.TextView text='Rapido'
06-07 22:59:39.241 14018 14018 D AuraOrbit.A11y:       android.widget.FrameLayout desc='Uber'
06-07 22:59:39.241 14018 14018 D AuraOrbit.A11y:         android.widget.TextView text='Uber'
06-07 22:59:39.242 14018 14018 D AuraOrbit.A11y:       android.widget.FrameLayout desc='Secure Folder'
06-07 22:59:39.242 14018 14018 D AuraOrbit.A11y:         android.widget.TextView text='Secure Folder'
06-07 22:59:39.242 14018 14018 D AuraOrbit.A11y:       android.widget.FrameLayout desc='CPU-Z'
06-07 22:59:39.243 14018 14018 D AuraOrbit.A11y:         android.widget.TextView text='CPU-Z'
06-07 22:59:39.243 14018 14018 D AuraOrbit.A11y:       android.widget.FrameLayout desc='Keep notes'
06-07 22:59:39.243 14018 14018 D AuraOrbit.A11y:         android.widget.TextView text='Keep notes'
06-07 22:59:39.243 14018 14018 D AuraOrbit.A11y:       android.widget.FrameLayout desc='Translate'
06-07 22:59:39.244 14018 14018 D AuraOrbit.A11y:         android.widget.TextView text='Translate'
06-07 22:59:39.244 14018 14018 D AuraOrbit.A11y:       android.widget.FrameLayout desc='Keys Cafe'
06-07 22:59:39.244 14018 14018 D AuraOrbit.A11y:         android.widget.TextView text='Keys Cafe'
06-07 22:59:39.245 14018 14018 D AuraOrbit.A11y:       android.widget.FrameLayout desc='Call of Duty'
06-07 22:59:39.245 14018 14018 D AuraOrbit.A11y:         android.widget.TextView text='Call of Duty'
06-07 22:59:39.246 14018 14018 D AuraOrbit.A11y:       android.widget.FrameLayout desc='SSKPSS Vadodara' [visible]
06-07 22:59:39.246 14018 14018 D AuraOrbit.A11y:         android.widget.TextView text='SSKPSS Vadodara' [visible]
06-07 22:59:39.246 14018 14018 D AuraOrbit.A11y:       android.widget.FrameLayout desc='Reminder' [visible]
06-07 22:59:39.246 14018 14018 D AuraOrbit.A11y:         android.widget.TextView text='Reminder' [visible]
06-07 22:59:39.247 14018 14018 D AuraOrbit.A11y:       android.widget.FrameLayout desc='Chill Live Wallpaper' [visible]
06-07 22:59:39.247 14018 14018 D AuraOrbit.A11y:         android.widget.TextView text='Chill Live Wallpaper' [visible]
06-07 22:59:39.247 14018 14018 D AuraOrbit.A11y:       android.widget.FrameLayout desc='Files' [visible]
06-07 22:59:39.247 14018 14018 D AuraOrbit.A11y:         android.widget.TextView text='Files' [visible]
06-07 22:59:39.248 14018 14018 D AuraOrbit.A11y:       android.widget.FrameLayout desc='AuraOrbit' [visible]
06-07 22:59:39.248 14018 14018 D AuraOrbit.A11y:         android.widget.TextView text='AuraOrbit' [visible]
06-07 22:59:39.248 14018 14018 D AuraOrbit.A11y:     android.widget.FrameLayout desc='Page 1 of 4. ' [visible]
06-07 22:59:39.248 14018 14018 D AuraOrbit.A11y:     android.widget.FrameLayout desc='Page 2 of 4. ' [visible]
06-07 22:59:39.248 14018 14018 D AuraOrbit.A11y:     android.widget.FrameLayout desc='Page 3 of 4. ' [visible]
06-07 22:59:39.248 14018 14018 D AuraOrbit.A11y:     android.widget.FrameLayout desc='Page 4 of 4. ' [visible]
06-07 22:59:39.249 14018 14018 D AuraOrbit.A11y:     android.widget.ImageView desc='More options' [visible]
06-07 22:59:39.249 14018 14018 D AuraOrbit.A11y:     android.widget.LinearLayout [visible]
06-07 22:59:39.249 14018 14018 D AuraOrbit.A11y:       android.widget.TextView text='Search' [visible]
06-07 22:59:39.249 14018 14018 D AuraOrbit.A11y:     android.widget.ImageView desc='Voice search' [visible]
06-07 22:59:39.249 14018 14018 D AuraOrbit.A11y:   android.widget.FrameLayout
06-07 22:59:39.250 14018 14018 D AuraOrbit.A11y: === DEBUG DUMP TREE END ===
06-07 22:59:39.252 14018 14018 D AuraOrbit.A11y: home page=1 of 4
06-07 22:59:39.805 14018 14125 D AuraOrbit.Engine: VIS branch=A11Y target=1.0 pv=1.0 | a11y[conn=true page=1 of=4 drawer=false ageMs=363] | inferredPage=0 activePage=0 offsetsEver=false xStep=-1.0 xOff=0.5 | preview=false visible=true zoom=0.0 returnAnim=1.0 launchIdx=-1
06-07 22:59:40.811 14018 14125 D AuraOrbit.Engine: VIS branch=A11Y target=1.0 pv=1.0 | a11y[conn=true page=1 of=4 drawer=false ageMs=1369] | inferredPage=0 activePage=0 offsetsEver=false xStep=-1.0 xOff=0.5 | preview=false visible=true zoom=0.0 returnAnim=1.0 launchIdx=-1
06-07 22:59:41.535 14018 14125 D AuraOrbit.Engine: commitPageSwipe: totalDx=1098.0 velocityX=0.0 path=DRAG → inferredPage=0
06-07 22:59:41.818 14018 14125 D AuraOrbit.Engine: VIS branch=A11Y target=1.0 pv=1.0 | a11y[conn=true page=1 of=4 drawer=false ageMs=2376] | inferredPage=0 activePage=0 offsetsEver=false xStep=-1.0 xOff=0.5 | preview=false visible=true zoom=0.0 returnAnim=1.0 launchIdx=-1
06-07 22:59:41.951 14018 14125 D AuraOrbit.Engine: commitPageSwipe: totalDx=-862.0 velocityX=0.0 path=DRAG → inferredPage=1
06-07 22:59:42.825 14018 14125 D AuraOrbit.Engine: VIS branch=A11Y target=1.0 pv=1.0 | a11y[conn=true page=1 of=4 drawer=false ageMs=3383] | inferredPage=0 activePage=0 offsetsEver=false xStep=-1.0 xOff=0.5 | preview=false visible=true zoom=0.0 returnAnim=1.0 launchIdx=-1
06-07 22:59:43.060 14018 14018 D AuraOrbit.A11y: === DEBUG DUMP TREE START ===
06-07 22:59:43.060 14018 14018 D AuraOrbit.A11y: android.widget.FrameLayout [visible]
06-07 22:59:43.060 14018 14018 D AuraOrbit.A11y:   android.widget.FrameLayout [visible]
06-07 22:59:43.060 14018 14018 D AuraOrbit.A11y:     android.view.ViewGroup [visible]
06-07 22:59:43.060 14018 14018 D AuraOrbit.A11y:       android.widget.FrameLayout desc='Samsung, Folder'
06-07 22:59:43.060 14018 14018 D AuraOrbit.A11y:         android.widget.TextView text='Samsung'
06-07 22:59:43.060 14018 14018 D AuraOrbit.A11y:       android.widget.FrameLayout desc='Google, Folder'
06-07 22:59:43.060 14018 14018 D AuraOrbit.A11y:         android.widget.TextView text='Google'
06-07 22:59:43.060 14018 14018 D AuraOrbit.A11y:       android.widget.FrameLayout desc='Microsoft, Folder'
06-07 22:59:43.060 14018 14018 D AuraOrbit.A11y:         android.widget.TextView text='Microsoft'
06-07 22:59:43.060 14018 14018 D AuraOrbit.A11y:       android.widget.FrameLayout desc='Play Store'
06-07 22:59:43.060 14018 14018 D AuraOrbit.A11y:         android.widget.TextView text='Play Store'
06-07 22:59:43.060 14018 14018 D AuraOrbit.A11y:       android.widget.FrameLayout desc='Gemini'
06-07 22:59:43.060 14018 14018 D AuraOrbit.A11y:         android.widget.TextView text='Gemini'
06-07 22:59:43.060 14018 14018 D AuraOrbit.A11y:       android.widget.FrameLayout desc='Members'
06-07 22:59:43.060 14018 14018 D AuraOrbit.A11y:         android.widget.TextView text='Members'
06-07 22:59:43.060 14018 14018 D AuraOrbit.A11y:       android.widget.FrameLayout desc='Store'
06-07 22:59:43.060 14018 14018 D AuraOrbit.A11y:         android.widget.TextView text='Store'
06-07 22:59:43.060 14018 14018 D AuraOrbit.A11y:       android.widget.FrameLayout desc='Spotify'
06-07 22:59:43.060 14018 14018 D AuraOrbit.A11y:         android.widget.TextView text='Spotify'
06-07 22:59:43.060 14018 14018 D AuraOrbit.A11y:       android.widget.FrameLayout desc='Phone'
06-07 22:59:43.061 14018 14018 D AuraOrbit.A11y:         android.widget.TextView text='Phone'
06-07 22:59:43.061 14018 14018 D AuraOrbit.A11y:       android.widget.FrameLayout desc='Messages'
06-07 22:59:43.061 14018 14018 D AuraOrbit.A11y:         android.widget.TextView text='Messages'
06-07 22:59:43.061 14018 14018 D AuraOrbit.A11y:       android.widget.FrameLayout desc='Camera'
06-07 22:59:43.061 14018 14018 D AuraOrbit.A11y:         android.widget.TextView text='Camera'
06-07 22:59:43.061 14018 14018 D AuraOrbit.A11y:       android.widget.FrameLayout desc='Gallery'
06-07 22:59:43.061 14018 14018 D AuraOrbit.A11y:         android.widget.TextView text='Gallery'
06-07 22:59:43.061 14018 14018 D AuraOrbit.A11y:       android.widget.FrameLayout desc='Clock'
06-07 22:59:43.061 14018 14018 D AuraOrbit.A11y:         android.widget.TextView text='Clock'
06-07 22:59:43.061 14018 14018 D AuraOrbit.A11y:       android.widget.FrameLayout desc='Contacts'
06-07 22:59:43.061 14018 14018 D AuraOrbit.A11y:         android.widget.TextView text='Contacts'
06-07 22:59:43.061 14018 14018 D AuraOrbit.A11y:       android.widget.FrameLayout desc='Settings'
06-07 22:59:43.061 14018 14018 D AuraOrbit.A11y:         android.widget.TextView text='Settings'
06-07 22:59:43.061 14018 14018 D AuraOrbit.A11y:       android.widget.FrameLayout desc='Calendar'
06-07 22:59:43.061 14018 14018 D AuraOrbit.A11y:         android.widget.TextView text='Calendar'
06-07 22:59:43.061 14018 14018 D AuraOrbit.A11y:       android.widget.FrameLayout desc='Calculator'
06-07 22:59:43.061 14018 14018 D AuraOrbit.A11y:         android.widget.TextView text='Calculator'
06-07 22:59:43.061 14018 14018 D AuraOrbit.A11y:       android.widget.FrameLayout desc='Tips'
06-07 22:59:43.061 14018 14018 D AuraOrbit.A11y:         android.widget.TextView text='Tips'
06-07 22:59:43.061 14018 14018 D AuraOrbit.A11y:       android.widget.FrameLayout desc='Notes'
06-07 22:59:43.061 14018 14018 D AuraOrbit.A11y:         android.widget.TextView text='Notes'
06-07 22:59:43.061 14018 14018 D AuraOrbit.A11y:       android.widget.FrameLayout desc='My Galaxy'
06-07 22:59:43.061 14018 14018 D AuraOrbit.A11y:         android.widget.TextView text='My Galaxy'
06-07 22:59:43.061 14018 14018 D AuraOrbit.A11y:       android.widget.FrameLayout desc='Brave'
06-07 22:59:43.061 14018 14018 D AuraOrbit.A11y:         android.widget.TextView text='Brave'
06-07 22:59:43.061 14018 14018 D AuraOrbit.A11y:       android.widget.FrameLayout desc='KDE Connect, 1 notification'
06-07 22:59:43.061 14018 14018 D AuraOrbit.A11y:         android.widget.TextView text='KDE Connect'
06-07 22:59:43.061 14018 14018 D AuraOrbit.A11y:       android.widget.FrameLayout desc='Digilocker'
06-07 22:59:43.061 14018 14018 D AuraOrbit.A11y:         android.widget.TextView text='Digilocker'
06-07 22:59:43.062 14018 14018 D AuraOrbit.A11y:       android.widget.FrameLayout desc='NoScroll'
06-07 22:59:43.062 14018 14018 D AuraOrbit.A11y:         android.widget.TextView text='NoScroll'
06-07 22:59:43.062 14018 14018 D AuraOrbit.A11y:       android.widget.FrameLayout desc='WhatsApp'
06-07 22:59:43.062 14018 14018 D AuraOrbit.A11y:         android.widget.TextView text='WhatsApp'
06-07 22:59:43.062 14018 14018 D AuraOrbit.A11y:       android.widget.FrameLayout desc='Instagram'
06-07 22:59:43.062 14018 14018 D AuraOrbit.A11y:         android.widget.TextView text='Instagram'
06-07 22:59:43.062 14018 14018 D AuraOrbit.A11y:       android.widget.FrameLayout desc='Telegram'
06-07 22:59:43.062 14018 14018 D AuraOrbit.A11y:         android.widget.TextView text='Telegram'
06-07 22:59:43.062 14018 14018 D AuraOrbit.A11y:       android.widget.FrameLayout desc='Discord'
06-07 22:59:43.062 14018 14018 D AuraOrbit.A11y:         android.widget.TextView text='Discord'
06-07 22:59:43.062 14018 14018 D AuraOrbit.A11y:       android.widget.FrameLayout desc='GitHub'
06-07 22:59:43.062 14018 14018 D AuraOrbit.A11y:         android.widget.TextView text='GitHub'
06-07 22:59:43.062 14018 14018 D AuraOrbit.A11y:       android.widget.FrameLayout desc='Reddit'
06-07 22:59:43.062 14018 14018 D AuraOrbit.A11y:         android.widget.TextView text='Reddit'
06-07 22:59:43.062 14018 14018 D AuraOrbit.A11y:       android.widget.FrameLayout desc='My Ration'
06-07 22:59:43.062 14018 14018 D AuraOrbit.A11y:         android.widget.TextView text='My Ration'
06-07 22:59:43.062 14018 14018 D AuraOrbit.A11y:       android.widget.FrameLayout desc='Claude'
06-07 22:59:43.062 14018 14018 D AuraOrbit.A11y:         android.widget.TextView text='Claude'
06-07 22:59:43.062 14018 14018 D AuraOrbit.A11y:       android.widget.FrameLayout desc='Good Lock'
06-07 22:59:43.062 14018 14018 D AuraOrbit.A11y:         android.widget.TextView text='Good Lock'
06-07 22:59:43.062 14018 14018 D AuraOrbit.A11y:       android.widget.FrameLayout desc='Pentastic'
06-07 22:59:43.062 14018 14018 D AuraOrbit.A11y:         android.widget.TextView text='Pentastic'
06-07 22:59:43.062 14018 14018 D AuraOrbit.A11y:       android.widget.FrameLayout desc='Game Booster +'
06-07 22:59:43.062 14018 14018 D AuraOrbit.A11y:         android.widget.TextView text='Game Booster +'
06-07 22:59:43.062 14018 14018 D AuraOrbit.A11y:       android.widget.FrameLayout desc='Theme Park'
06-07 22:59:43.062 14018 14018 D AuraOrbit.A11y:         android.widget.TextView text='Theme Park'
06-07 22:59:43.062 14018 14018 D AuraOrbit.A11y:       android.widget.FrameLayout desc='Creative studio'
06-07 22:59:43.062 14018 14018 D AuraOrbit.A11y:         android.widget.TextView text='Creative studio'
06-07 22:59:43.062 14018 14018 D AuraOrbit.A11y:       android.widget.FrameLayout desc='Wonderland'
06-07 22:59:43.062 14018 14018 D AuraOrbit.A11y:         android.widget.TextView text='Wonderland'
06-07 22:59:43.063 14018 14018 D AuraOrbit.A11y:       android.widget.FrameLayout desc='NotiStar'
06-07 22:59:43.063 14018 14018 D AuraOrbit.A11y:         android.widget.TextView text='NotiStar'
06-07 22:59:43.063 14018 14018 D AuraOrbit.A11y:       android.widget.FrameLayout desc='Routines +'
06-07 22:59:43.063 14018 14018 D AuraOrbit.A11y:         android.widget.TextView text='Routines +'
06-07 22:59:43.063 14018 14018 D AuraOrbit.A11y:       android.widget.FrameLayout desc='Camera Assistant'
06-07 22:59:43.063 14018 14018 D AuraOrbit.A11y:         android.widget.TextView text='Camera Assistant'
06-07 22:59:43.063 14018 14018 D AuraOrbit.A11y:       android.widget.FrameLayout desc='Modes and Routines'
06-07 22:59:43.063 14018 14018 D AuraOrbit.A11y:         android.widget.TextView text='Modes and Routines'
06-07 22:59:43.063 14018 14018 D AuraOrbit.A11y:       android.widget.FrameLayout desc='Weather'
06-07 22:59:43.063 14018 14018 D AuraOrbit.A11y:         android.widget.TextView text='Weather'
06-07 22:59:43.063 14018 14018 D AuraOrbit.A11y:       android.widget.FrameLayout desc='GPay'
06-07 22:59:43.063 14018 14018 D AuraOrbit.A11y:         android.widget.TextView text='GPay'
06-07 22:59:43.063 14018 14018 D AuraOrbit.A11y:       android.widget.FrameLayout desc='Paytm'
06-07 22:59:43.063 14018 14018 D AuraOrbit.A11y:         android.widget.TextView text='Paytm'
06-07 22:59:43.063 14018 14018 D AuraOrbit.A11y:       android.widget.FrameLayout desc='Blinkit'
06-07 22:59:43.063 14018 14018 D AuraOrbit.A11y:         android.widget.TextView text='Blinkit'
06-07 22:59:43.063 14018 14018 D AuraOrbit.A11y:       android.widget.FrameLayout desc='Amazon'
06-07 22:59:43.063 14018 14018 D AuraOrbit.A11y:         android.widget.TextView text='Amazon'
06-07 22:59:43.063 14018 14018 D AuraOrbit.A11y:       android.widget.FrameLayout desc='Money Manager'
06-07 22:59:43.063 14018 14018 D AuraOrbit.A11y:         android.widget.TextView text='Money Manager'
06-07 22:59:43.063 14018 14018 D AuraOrbit.A11y:       android.widget.FrameLayout desc='YONO SBI'
06-07 22:59:43.063 14018 14018 D AuraOrbit.A11y:         android.widget.TextView text='YONO SBI'
06-07 22:59:43.063 14018 14018 D AuraOrbit.A11y:       android.widget.FrameLayout desc='Authenticator'
06-07 22:59:43.063 14018 14018 D AuraOrbit.A11y:         android.widget.TextView text='Authenticator'
06-07 22:59:43.063 14018 14018 D AuraOrbit.A11y:       android.widget.FrameLayout desc='Authenticator'
06-07 22:59:43.063 14018 14018 D AuraOrbit.A11y:         android.widget.TextView text='Authenticator'
06-07 22:59:43.063 14018 14018 D AuraOrbit.A11y:       android.widget.FrameLayout desc='Teams'
06-07 22:59:43.063 14018 14018 D AuraOrbit.A11y:         android.widget.TextView text='Teams'
06-07 22:59:43.063 14018 14018 D AuraOrbit.A11y:       android.widget.FrameLayout desc='Swiggy'
06-07 22:59:43.064 14018 14018 D AuraOrbit.A11y:         android.widget.TextView text='Swiggy'
06-07 22:59:43.064 14018 14018 D AuraOrbit.A11y:       android.widget.FrameLayout desc='JioHotstar'
06-07 22:59:43.064 14018 14018 D AuraOrbit.A11y:         android.widget.TextView text='JioHotstar'
06-07 22:59:43.064 14018 14018 D AuraOrbit.A11y:       android.widget.FrameLayout desc='Rapido'
06-07 22:59:43.064 14018 14018 D AuraOrbit.A11y:         android.widget.TextView text='Rapido'
06-07 22:59:43.064 14018 14018 D AuraOrbit.A11y:       android.widget.FrameLayout desc='Uber'
06-07 22:59:43.064 14018 14018 D AuraOrbit.A11y:         android.widget.TextView text='Uber'
06-07 22:59:43.064 14018 14018 D AuraOrbit.A11y:       android.widget.FrameLayout desc='Secure Folder'
06-07 22:59:43.064 14018 14018 D AuraOrbit.A11y:         android.widget.TextView text='Secure Folder'
06-07 22:59:43.064 14018 14018 D AuraOrbit.A11y:       android.widget.FrameLayout desc='CPU-Z'
06-07 22:59:43.064 14018 14018 D AuraOrbit.A11y:         android.widget.TextView text='CPU-Z'
06-07 22:59:43.064 14018 14018 D AuraOrbit.A11y:       android.widget.FrameLayout desc='Keep notes'
06-07 22:59:43.064 14018 14018 D AuraOrbit.A11y:         android.widget.TextView text='Keep notes'
06-07 22:59:43.064 14018 14018 D AuraOrbit.A11y:       android.widget.FrameLayout desc='Translate'
06-07 22:59:43.064 14018 14018 D AuraOrbit.A11y:         android.widget.TextView text='Translate'
06-07 22:59:43.064 14018 14018 D AuraOrbit.A11y:       android.widget.FrameLayout desc='Keys Cafe'
06-07 22:59:43.064 14018 14018 D AuraOrbit.A11y:         android.widget.TextView text='Keys Cafe'
06-07 22:59:43.064 14018 14018 D AuraOrbit.A11y:       android.widget.FrameLayout desc='Call of Duty'
06-07 22:59:43.064 14018 14018 D AuraOrbit.A11y:         android.widget.TextView text='Call of Duty'
06-07 22:59:43.064 14018 14018 D AuraOrbit.A11y:       android.widget.FrameLayout desc='SSKPSS Vadodara' [visible]
06-07 22:59:43.064 14018 14018 D AuraOrbit.A11y:         android.widget.TextView text='SSKPSS Vadodara' [visible]
06-07 22:59:43.064 14018 14018 D AuraOrbit.A11y:       android.widget.FrameLayout desc='Reminder' [visible]
06-07 22:59:43.064 14018 14018 D AuraOrbit.A11y:         android.widget.TextView text='Reminder' [visible]
06-07 22:59:43.064 14018 14018 D AuraOrbit.A11y:       android.widget.FrameLayout desc='Chill Live Wallpaper' [visible]
06-07 22:59:43.064 14018 14018 D AuraOrbit.A11y:         android.widget.TextView text='Chill Live Wallpaper' [visible]
06-07 22:59:43.064 14018 14018 D AuraOrbit.A11y:       android.widget.FrameLayout desc='Files' [visible]
06-07 22:59:43.064 14018 14018 D AuraOrbit.A11y:         android.widget.TextView text='Files' [visible]
06-07 22:59:43.064 14018 14018 D AuraOrbit.A11y:       android.widget.FrameLayout desc='AuraOrbit' [visible]
06-07 22:59:43.064 14018 14018 D AuraOrbit.A11y:         android.widget.TextView text='AuraOrbit' [visible]
06-07 22:59:43.064 14018 14018 D AuraOrbit.A11y:     android.widget.FrameLayout desc='Page 1 of 4. ' [visible]
06-07 22:59:43.065 14018 14018 D AuraOrbit.A11y:     android.widget.FrameLayout desc='Page 2 of 4. ' [visible]
06-07 22:59:43.065 14018 14018 D AuraOrbit.A11y:     android.widget.FrameLayout desc='Page 3 of 4. ' [visible]
06-07 22:59:43.065 14018 14018 D AuraOrbit.A11y:     android.widget.FrameLayout desc='Page 4 of 4. ' [visible]
06-07 22:59:43.065 14018 14018 D AuraOrbit.A11y:     android.widget.ImageView desc='More options' [visible]
06-07 22:59:43.065 14018 14018 D AuraOrbit.A11y:     android.widget.LinearLayout [visible]
06-07 22:59:43.065 14018 14018 D AuraOrbit.A11y:       android.widget.TextView text='Search' [visible]
06-07 22:59:43.065 14018 14018 D AuraOrbit.A11y:     android.widget.ImageView desc='Voice search' [visible]
06-07 22:59:43.065 14018 14018 D AuraOrbit.A11y: === DEBUG DUMP TREE END ===
06-07 22:59:43.069 14018 14018 D AuraOrbit.A11y: home page=1 of 4
06-07 22:59:43.079  2995  7430 I InputDispatcher: Channel [Gesture Monitor] swipe-up is stealing input gesture for device 6 from [6cb5391 com.sec.android.app.launcher/com.sec.android.app.launcher.activities.LauncherActivity, c1b85d1 dev.jaimin.auraorbit.MyWallpaperService, [Gesture Monitor] secinputdev, [Gesture Monitor] PalmMotion, [Gesture Monitor] edge-swipe]
06-07 22:59:43.829 14018 14125 D AuraOrbit.Engine: VIS branch=A11Y target=1.0 pv=1.0 | a11y[conn=true page=1 of=4 drawer=false ageMs=190] | inferredPage=0 activePage=0 offsetsEver=false xStep=-1.0 xOff=0.5 | preview=false visible=true zoom=0.0 returnAnim=1.0 launchIdx=-1
06-07 22:59:44.126 14018 14125 D AuraOrbit.Engine: commitPageSwipe: totalDx=-670.0 velocityX=0.0 path=DRAG → inferredPage=1
06-07 22:59:44.834 14018 14125 D AuraOrbit.Engine: VIS branch=A11Y target=1.0 pv=1.0 | a11y[conn=true page=1 of=4 drawer=false ageMs=1195] | inferredPage=0 activePage=0 offsetsEver=false xStep=-1.0 xOff=0.5 | preview=false visible=true zoom=0.0 returnAnim=1.0 launchIdx=-1
06-07 22:59:45.182 14018 14125 D AuraOrbit.Engine: commitPageSwipe: totalDx=-822.0 velocityX=0.0 path=DRAG → inferredPage=1
06-07 22:59:45.840 14018 14125 D AuraOrbit.Engine: VIS branch=A11Y target=1.0 pv=1.0 | a11y[conn=true page=1 of=4 drawer=false ageMs=2201] | inferredPage=0 activePage=0 offsetsEver=false xStep=-1.0 xOff=0.5 | preview=false visible=true zoom=0.0 returnAnim=1.0 launchIdx=-1
06-07 22:59:46.670 14018 14018 D AuraOrbit.A11y: home page=1 of 4
06-07 22:59:46.672 14018 14018 D AuraOrbit.A11y: === DEBUG DUMP TREE START ===
06-07 22:59:46.672 14018 14018 D AuraOrbit.A11y: android.widget.FrameLayout [visible]
06-07 22:59:46.672 14018 14018 D AuraOrbit.A11y:   android.widget.FrameLayout [visible]
06-07 22:59:46.672 14018 14018 D AuraOrbit.A11y:     android.widget.FrameLayout [visible]
06-07 22:59:46.673 14018 14018 D AuraOrbit.A11y:       android.view.ViewGroup [visible]
06-07 22:59:46.673 14018 14018 D AuraOrbit.A11y:         android.widget.LinearLayout
06-07 22:59:46.673 14018 14018 D AuraOrbit.A11y:         android.widget.FrameLayout
06-07 22:59:46.673 14018 14018 D AuraOrbit.A11y:           android.widget.FrameLayout
06-07 22:59:46.674 14018 14018 D AuraOrbit.A11y:             android.widget.TextView text='32°' desc='Current temperature, 32 degrees'
06-07 22:59:46.674 14018 14018 D AuraOrbit.A11y:             android.widget.TextView text='Tomorrow's high feels like 44°C due to humidity' desc='Tomorrow's high feels like 44°C due to humidity'
06-07 22:59:46.674 14018 14018 D AuraOrbit.A11y:             android.widget.TextView text='TP 13' desc='TP 13'
06-07 22:59:46.674 14018 14018 D AuraOrbit.A11y:             android.widget.ImageView desc='Smoke'
06-07 22:59:46.674 14018 14018 D AuraOrbit.A11y:         android.widget.FrameLayout
06-07 22:59:46.674 14018 14018 D AuraOrbit.A11y:           android.widget.FrameLayout
06-07 22:59:46.675 14018 14018 D AuraOrbit.A11y:             android.widget.FrameLayout desc='Screen time,6 hours 28 minutes Call of Duty 3 hours 11 minutes Instagram 1 hour 21 minutes YouTube 33 minutes'
06-07 22:59:46.675 14018 14018 D AuraOrbit.A11y:               android.widget.TextView text='Call of Duty'
06-07 22:59:46.675 14018 14018 D AuraOrbit.A11y:               android.widget.TextView text='Instagram'
06-07 22:59:46.676 14018 14018 D AuraOrbit.A11y:               android.widget.TextView text='YouTube'
06-07 22:59:46.676 14018 14018 D AuraOrbit.A11y:               android.widget.TextView text='6'
06-07 22:59:46.677 14018 14018 D AuraOrbit.A11y:               android.widget.TextView text=' h '
06-07 22:59:46.677 14018 14018 D AuraOrbit.A11y:               android.widget.TextView text='28'
06-07 22:59:46.678 14018 14018 D AuraOrbit.A11y:               android.widget.TextView text=' m'
06-07 22:59:46.678 14018 14018 D AuraOrbit.A11y:               android.widget.ProgressBar
06-07 22:59:46.679 14018 14018 D AuraOrbit.A11y:               android.widget.ProgressBar
06-07 22:59:46.679 14018 14018 D AuraOrbit.A11y:               android.widget.ProgressBar
06-07 22:59:46.680 14018 14018 D AuraOrbit.A11y:               android.widget.ProgressBar
06-07 22:59:46.681 14018 14018 D AuraOrbit.A11y:               android.widget.FrameLayout
06-07 22:59:46.681 14018 14018 D AuraOrbit.A11y:                 android.widget.ImageView desc='Refresh'
06-07 22:59:46.682 14018 14018 D AuraOrbit.A11y:         android.widget.FrameLayout
06-07 22:59:46.682 14018 14018 D AuraOrbit.A11y:           android.widget.ImageView desc='Google Search'
06-07 22:59:46.682 14018 14018 D AuraOrbit.A11y:           android.widget.ImageButton desc='Google app'
06-07 22:59:46.682 14018 14018 D AuraOrbit.A11y:           android.widget.ImageButton desc='Voice search'
06-07 22:59:46.682 14018 14018 D AuraOrbit.A11y:           android.widget.ImageButton desc='Camera search'
06-07 22:59:46.683 14018 14018 D AuraOrbit.A11y:         android.widget.FrameLayout desc='Gallery'
06-07 22:59:46.683 14018 14018 D AuraOrbit.A11y:           android.widget.TextView text='Gallery'
06-07 22:59:46.684 14018 14018 D AuraOrbit.A11y:         android.widget.FrameLayout desc='Play Store'
06-07 22:59:46.684 14018 14018 D AuraOrbit.A11y:           android.widget.TextView text='Play Store'
06-07 22:59:46.684 14018 14018 D AuraOrbit.A11y:         android.widget.FrameLayout desc='Settings'
06-07 22:59:46.685 14018 14018 D AuraOrbit.A11y:           android.widget.TextView text='Settings'
06-07 22:59:46.686 14018 14018 D AuraOrbit.A11y:         android.widget.FrameLayout desc='Messages'
06-07 22:59:46.686 14018 14018 D AuraOrbit.A11y:           android.widget.TextView text='Messages'
06-07 22:59:46.687 14018 14018 D AuraOrbit.A11y:         android.widget.FrameLayout desc='Money Manager'
06-07 22:59:46.687 14018 14018 D AuraOrbit.A11y:           android.widget.TextView text='Money Manager'
06-07 22:59:46.687 14018 14018 D AuraOrbit.A11y:         android.widget.FrameLayout desc='Payment, Folder'
06-07 22:59:46.688 14018 14018 D AuraOrbit.A11y:           android.widget.TextView text='Payment'
06-07 22:59:46.688 14018 14018 D AuraOrbit.A11y:         android.widget.FrameLayout desc='Food, Folder'
06-07 22:59:46.688 14018 14018 D AuraOrbit.A11y:           android.widget.TextView text='Food'
06-07 22:59:46.689 14018 14018 D AuraOrbit.A11y:         android.widget.FrameLayout desc='Authenticator'
06-07 22:59:46.689 14018 14018 D AuraOrbit.A11y:           android.widget.TextView text='Authenticator'
06-07 22:59:46.689 14018 14018 D AuraOrbit.A11y:         android.widget.FrameLayout desc='Microsoft, Folder'
06-07 22:59:46.690 14018 14018 D AuraOrbit.A11y:           android.widget.TextView text='Microsoft'
06-07 22:59:46.690 14018 14018 D AuraOrbit.A11y:         android.widget.FrameLayout desc='Google, Folder'
06-07 22:59:46.690 14018 14018 D AuraOrbit.A11y:           android.widget.TextView text='Google'
06-07 22:59:46.691 14018 14018 D AuraOrbit.A11y:         android.widget.LinearLayout
06-07 22:59:46.691 14018 14018 D AuraOrbit.A11y:         android.widget.FrameLayout [visible]
06-07 22:59:46.691 14018 14018 D AuraOrbit.A11y:           android.widget.FrameLayout desc='Reminder widget' [visible]
06-07 22:59:46.691 14018 14018 D AuraOrbit.A11y:             android.widget.FrameLayout [visible]
06-07 22:59:46.692 14018 14018 D AuraOrbit.A11y:               android.widget.LinearLayout desc='Open Reminder' [visible]
06-07 22:59:46.692 14018 14018 D AuraOrbit.A11y:                 android.widget.FrameLayout [visible]
06-07 22:59:46.692 14018 14018 D AuraOrbit.A11y:                   android.widget.LinearLayout desc='All Dropdown list' [visible]
06-07 22:59:46.692 14018 14018 D AuraOrbit.A11y:                     android.widget.TextView text='All' [visible]
06-07 22:59:46.692 14018 14018 D AuraOrbit.A11y:             android.widget.FrameLayout [visible]
06-07 22:59:46.693 14018 14018 D AuraOrbit.A11y:               android.widget.LinearLayout desc='Add reminder Button' [visible]
06-07 22:59:46.693 14018 14018 D AuraOrbit.A11y:             android.widget.ListView [visible]
06-07 22:59:46.694 14018 14018 D AuraOrbit.A11y:               android.appwidget.AppWidgetHostView [visible]
06-07 22:59:46.694 14018 14018 D AuraOrbit.A11y:                 android.widget.FrameLayout [visible]
06-07 22:59:46.694 14018 14018 D AuraOrbit.A11y:                   android.widget.LinearLayout desc='DSA' [visible]
06-07 22:59:46.694 14018 14018 D AuraOrbit.A11y:                     android.widget.FrameLayout [visible]
06-07 22:59:46.695 14018 14018 D AuraOrbit.A11y:                       android.widget.ImageView desc='Not checked, DSA' [visible]
06-07 22:59:46.695 14018 14018 D AuraOrbit.A11y:                     android.widget.TextView text='DSA' [visible]
06-07 22:59:46.695 14018 14018 D AuraOrbit.A11y:         android.widget.FrameLayout [visible]
06-07 22:59:46.696 14018 14018 D AuraOrbit.A11y:           android.widget.FrameLayout desc='Voice Recorder' [visible]
06-07 22:59:46.696 14018 14018 D AuraOrbit.A11y:             android.widget.RelativeLayout [visible]
06-07 22:59:46.696 14018 14018 D AuraOrbit.A11y:               android.widget.Chronometer text='00:00' desc='0 seconds' [visible]
06-07 22:59:46.697 14018 14018 D AuraOrbit.A11y:               android.widget.LinearLayout desc='Record, Button' [visible]
06-07 22:59:46.697 14018 14018 D AuraOrbit.A11y:         android.widget.FrameLayout desc='NoScroll' [visible]
06-07 22:59:46.698 14018 14018 D AuraOrbit.A11y:           android.widget.TextView text='NoScroll' [visible]
06-07 22:59:46.698 14018 14018 D AuraOrbit.A11y:         android.widget.FrameLayout desc='Keep notes' [visible]
06-07 22:59:46.699 14018 14018 D AuraOrbit.A11y:           android.widget.TextView text='Keep notes' [visible]
06-07 22:59:46.699 14018 14018 D AuraOrbit.A11y:         android.widget.FrameLayout desc='KDE Connect, 1 notification' [visible]
06-07 22:59:46.699 14018 14018 D AuraOrbit.A11y:           android.widget.TextView text='KDE Connect' [visible]
06-07 22:59:46.700 14018 14018 D AuraOrbit.A11y:         android.widget.FrameLayout desc='Rapido' [visible]
06-07 22:59:46.700 14018 14018 D AuraOrbit.A11y:           android.widget.TextView text='Rapido' [visible]
06-07 22:59:46.701 14018 14018 D AuraOrbit.A11y:         android.widget.FrameLayout desc='Bixby' [visible]
06-07 22:59:46.701 14018 14018 D AuraOrbit.A11y:           android.widget.TextView text='Bixby' [visible]
06-07 22:59:46.701 14018 14018 D AuraOrbit.A11y:         android.widget.FrameLayout [visible]
06-07 22:59:46.701 14018 14018 D AuraOrbit.A11y:           android.widget.FrameLayout [visible]
06-07 22:59:46.701 14018 14018 D AuraOrbit.A11y:             android.view.View desc='22:59' [visible]
06-07 22:59:46.701 14018 14018 D AuraOrbit.A11y:             android.widget.TextView text='Sun,' desc='Sun,' [visible]
06-07 22:59:46.702 14018 14018 D AuraOrbit.A11y:             android.widget.TextView text='7 Jun' desc='7 Jun' [visible]
06-07 22:59:46.702 14018 14018 D AuraOrbit.A11y:         android.widget.FrameLayout desc='Call of Duty' [visible]
06-07 22:59:46.702 14018 14018 D AuraOrbit.A11y:           android.widget.TextView text='Call of Duty' [visible]
06-07 22:59:46.703 14018 14018 D AuraOrbit.A11y:         android.widget.FrameLayout desc='Instagram' [visible]
06-07 22:59:46.703 14018 14018 D AuraOrbit.A11y:           android.widget.TextView text='Instagram' [visible]
06-07 22:59:46.703 14018 14018 D AuraOrbit.A11y:         android.widget.FrameLayout desc='Money Manager' [visible]
06-07 22:59:46.703 14018 14018 D AuraOrbit.A11y:           android.widget.TextView text='Money Manager' [visible]
06-07 22:59:46.704 14018 14018 D AuraOrbit.A11y:         android.widget.FrameLayout desc='Calculator' [visible]
06-07 22:59:46.704 14018 14018 D AuraOrbit.A11y:           android.widget.TextView text='Calculator' [visible]
06-07 22:59:46.704 14018 14018 D AuraOrbit.A11y:         android.widget.FrameLayout [visible]
06-07 22:59:46.704 14018 14018 D AuraOrbit.A11y:           android.widget.FrameLayout [visible]
06-07 22:59:46.704 14018 14018 D AuraOrbit.A11y:             android.widget.LinearLayout desc='Type Gemini prompt' [visible]
06-07 22:59:46.705 14018 14018 D AuraOrbit.A11y:               android.widget.TextView text='Ask Gemini' [visible]
06-07 22:59:46.705 14018 14018 D AuraOrbit.A11y:           android.widget.FrameLayout [visible]
06-07 22:59:46.705 14018 14018 D AuraOrbit.A11y:             android.widget.LinearLayout desc='Share video with Gemini Live' [visible]
06-07 22:59:46.706 14018 14018 D AuraOrbit.A11y:               android.widget.TextView text='Video' [visible]
06-07 22:59:46.706 14018 14018 D AuraOrbit.A11y:           android.widget.FrameLayout [visible]
06-07 22:59:46.707 14018 14018 D AuraOrbit.A11y:             android.widget.LinearLayout desc='Talk with Gemini Live' [visible]
06-07 22:59:46.707 14018 14018 D AuraOrbit.A11y:               android.widget.TextView text='Live' [visible]
06-07 22:59:46.707 14018 14018 D AuraOrbit.A11y:         android.widget.FrameLayout [visible]
06-07 22:59:46.707 14018 14018 D AuraOrbit.A11y:           android.widget.FrameLayout [visible]
06-07 22:59:46.708 14018 14018 D AuraOrbit.A11y:             android.widget.ImageButton desc='Copy' [visible]
06-07 22:59:46.709 14018 14018 D AuraOrbit.A11y:         android.widget.FrameLayout [visible]
06-07 22:59:46.709 14018 14018 D AuraOrbit.A11y:           android.widget.FrameLayout [visible]
06-07 22:59:46.709 14018 14018 D AuraOrbit.A11y:             android.widget.FrameLayout desc='Mummy, Direct Dial' [visible]
06-07 22:59:46.709 14018 14018 D AuraOrbit.A11y:           android.widget.TextView
06-07 22:59:46.709 14018 14018 D AuraOrbit.A11y:           android.widget.TextView text='Mummy' [visible]
06-07 22:59:46.710 14018 14018 D AuraOrbit.A11y:           android.widget.FrameLayout [visible]
06-07 22:59:46.710 14018 14018 D AuraOrbit.A11y:             android.widget.FrameLayout desc='Nency, Direct Dial' [visible]
06-07 22:59:46.711 14018 14018 D AuraOrbit.A11y:           android.widget.TextView
06-07 22:59:46.711 14018 14018 D AuraOrbit.A11y:           android.widget.TextView text='Nency' [visible]
06-07 22:59:46.711 14018 14018 D AuraOrbit.A11y:           android.widget.FrameLayout [visible]
06-07 22:59:46.712 14018 14018 D AuraOrbit.A11y:             android.widget.FrameLayout desc='Papa, Direct Dial' [visible]
06-07 22:59:46.713 14018 14018 D AuraOrbit.A11y:           android.widget.TextView
06-07 22:59:46.713 14018 14018 D AuraOrbit.A11y:           android.widget.TextView text='Papa' [visible]
06-07 22:59:46.714 14018 14018 D AuraOrbit.A11y:           android.widget.FrameLayout [visible]
06-07 22:59:46.714 14018 14018 D AuraOrbit.A11y:             android.widget.FrameLayout desc='No contact' [visible]
06-07 22:59:46.715 14018 14018 D AuraOrbit.A11y:           android.widget.TextView
06-07 22:59:46.715 14018 14018 D AuraOrbit.A11y:           android.widget.TextView [visible]
06-07 22:59:46.716 14018 14018 D AuraOrbit.A11y:         android.widget.LinearLayout
06-07 22:59:46.717 14018 14018 D AuraOrbit.A11y:         android.widget.FrameLayout
06-07 22:59:46.717 14018 14018 D AuraOrbit.A11y:           android.widget.FrameLayout desc='Month'
06-07 22:59:46.717 14018 14018 D AuraOrbit.A11y:             android.widget.FrameLayout
06-07 22:59:46.717 14018 14018 D AuraOrbit.A11y:               android.widget.FrameLayout
06-07 22:59:46.717 14018 14018 D AuraOrbit.A11y:                 android.widget.ImageView desc='Previous month Button'
06-07 22:59:46.718 14018 14018 D AuraOrbit.A11y:               android.widget.TextView text='JUN' desc='June '
06-07 22:59:46.718 14018 14018 D AuraOrbit.A11y:               android.widget.FrameLayout
06-07 22:59:46.719 14018 14018 D AuraOrbit.A11y:                 android.widget.ImageView desc='Next month Button'
06-07 22:59:46.719 14018 14018 D AuraOrbit.A11y:               android.widget.FrameLayout
06-07 22:59:46.719 14018 14018 D AuraOrbit.A11y:                 android.widget.ImageView desc='Handwriting Button'
06-07 22:59:46.720 14018 14018 D AuraOrbit.A11y:               android.widget.FrameLayout
06-07 22:59:46.720 14018 14018 D AuraOrbit.A11y:                 android.widget.ImageView desc='Add detailed event Button'
06-07 22:59:46.720 14018 14018 D AuraOrbit.A11y:               android.widget.FrameLayout
06-07 22:59:46.720 14018 14018 D AuraOrbit.A11y:                 android.widget.TextView text='7' desc='7, Today Button'
06-07 22:59:46.721 14018 14018 D AuraOrbit.A11y:             android.widget.TextView text='M'
06-07 22:59:46.721 14018 14018 D AuraOrbit.A11y:             android.widget.TextView text='T'
06-07 22:59:46.722 14018 14018 D AuraOrbit.A11y:             android.widget.TextView text='W'
06-07 22:59:46.722 14018 14018 D AuraOrbit.A11y:             android.widget.TextView text='T'
06-07 22:59:46.722 14018 14018 D AuraOrbit.A11y:             android.widget.TextView text='F'
06-07 22:59:46.723 14018 14018 D AuraOrbit.A11y:             android.widget.TextView text='S'
06-07 22:59:46.723 14018 14018 D AuraOrbit.A11y:             android.widget.TextView text='S'
06-07 22:59:46.724 14018 14018 D AuraOrbit.A11y:             android.widget.FrameLayout
06-07 22:59:46.724 14018 14018 D AuraOrbit.A11y:               android.widget.FrameLayout
06-07 22:59:46.725 14018 14018 D AuraOrbit.A11y:                 android.widget.FrameLayout desc='Monday, 1 June, Add event'
06-07 22:59:46.725 14018 14018 D AuraOrbit.A11y:               android.widget.FrameLayout
06-07 22:59:46.726 14018 14018 D AuraOrbit.A11y:                 android.widget.FrameLayout desc='Tuesday, 2 June, Add event'
06-07 22:59:46.726 14018 14018 D AuraOrbit.A11y:               android.widget.FrameLayout
06-07 22:59:46.726 14018 14018 D AuraOrbit.A11y:                 android.widget.FrameLayout desc='Wednesday, 3 June, Add event'
06-07 22:59:46.726 14018 14018 D AuraOrbit.A11y:               android.widget.FrameLayout
06-07 22:59:46.727 14018 14018 D AuraOrbit.A11y:                 android.widget.FrameLayout desc='Thursday, 4 June, Add event'
06-07 22:59:46.727 14018 14018 D AuraOrbit.A11y:               android.widget.FrameLayout
06-07 22:59:46.727 14018 14018 D AuraOrbit.A11y:                 android.widget.FrameLayout desc='Friday, 5 June, Add event'
06-07 22:59:46.728 14018 14018 D AuraOrbit.A11y:               android.widget.FrameLayout
06-07 22:59:46.728 14018 14018 D AuraOrbit.A11y:                 android.widget.FrameLayout desc='Saturday, 6 June, Add event'
06-07 22:59:46.728 14018 14018 D AuraOrbit.A11y:               android.widget.FrameLayout
06-07 22:59:46.729 14018 14018 D AuraOrbit.A11y:                 android.widget.FrameLayout desc='Today, Sunday, 7 June, 1 event'
06-07 22:59:46.729 14018 14018 D AuraOrbit.A11y:               android.widget.FrameLayout
06-07 22:59:46.730 14018 14018 D AuraOrbit.A11y:                 android.widget.FrameLayout desc='Monday, 8 June, Add event'
06-07 22:59:46.730 14018 14018 D AuraOrbit.A11y:               android.widget.FrameLayout
06-07 22:59:46.730 14018 14018 D AuraOrbit.A11y:                 android.widget.FrameLayout desc='Tuesday, 9 June, Add event'
06-07 22:59:46.731 14018 14018 D AuraOrbit.A11y:               android.widget.FrameLayout
06-07 22:59:46.731 14018 14018 D AuraOrbit.A11y:                 android.widget.FrameLayout desc='Wednesday, 10 June, Add event'
06-07 22:59:46.732 14018 14018 D AuraOrbit.A11y:               android.widget.FrameLayout
06-07 22:59:46.732 14018 14018 D AuraOrbit.A11y:                 android.widget.FrameLayout desc='Thursday, 11 June, Add event'
06-07 22:59:46.732 14018 14018 D AuraOrbit.A11y:               android.widget.FrameLayout
06-07 22:59:46.733 14018 14018 D AuraOrbit.A11y:                 android.widget.FrameLayout desc='Friday, 12 June, Add event'
06-07 22:59:46.733 14018 14018 D AuraOrbit.A11y:               android.widget.FrameLayout
06-07 22:59:46.733 14018 14018 D AuraOrbit.A11y:                 android.widget.FrameLayout desc='Saturday, 13 June, Add event'
06-07 22:59:46.734 14018 14018 D AuraOrbit.A11y:               android.widget.FrameLayout
06-07 22:59:46.734 14018 14018 D AuraOrbit.A11y:                 android.widget.FrameLayout desc='Sunday, 14 June, Add event'
06-07 22:59:46.734 14018 14018 D AuraOrbit.A11y:               android.widget.FrameLayout
06-07 22:59:46.734 14018 14018 D AuraOrbit.A11y:                 android.widget.FrameLayout desc='Monday, 15 June, Add event'
06-07 22:59:46.735 14018 14018 D AuraOrbit.A11y:               android.widget.FrameLayout
06-07 22:59:46.735 14018 14018 D AuraOrbit.A11y:                 android.widget.FrameLayout desc='Tuesday, 16 June, Add event'
06-07 22:59:46.735 14018 14018 D AuraOrbit.A11y:               android.widget.FrameLayout
06-07 22:59:46.736 14018 14018 D AuraOrbit.A11y:                 android.widget.FrameLayout desc='Wednesday, 17 June, Add event'
06-07 22:59:46.736 14018 14018 D AuraOrbit.A11y:               android.widget.FrameLayout
06-07 22:59:46.736 14018 14018 D AuraOrbit.A11y:                 android.widget.FrameLayout desc='Thursday, 18 June, Add event'
06-07 22:59:46.737 14018 14018 D AuraOrbit.A11y:               android.widget.FrameLayout
06-07 22:59:46.737 14018 14018 D AuraOrbit.A11y:                 android.widget.FrameLayout desc='Friday, 19 June, Add event'
06-07 22:59:46.737 14018 14018 D AuraOrbit.A11y:               android.widget.FrameLayout
06-07 22:59:46.738 14018 14018 D AuraOrbit.A11y:                 android.widget.FrameLayout desc='Saturday, 20 June, Add event'
06-07 22:59:46.738 14018 14018 D AuraOrbit.A11y:               android.widget.FrameLayout
06-07 22:59:46.739 14018 14018 D AuraOrbit.A11y:                 android.widget.FrameLayout desc='Sunday, 21 June, Add event'
06-07 22:59:46.739 14018 14018 D AuraOrbit.A11y:               android.widget.FrameLayout
06-07 22:59:46.739 14018 14018 D AuraOrbit.A11y:                 android.widget.FrameLayout desc='Monday, 22 June, Add event'
06-07 22:59:46.740 14018 14018 D AuraOrbit.A11y:               android.widget.FrameLayout
06-07 22:59:46.741 14018 14018 D AuraOrbit.A11y:                 android.widget.FrameLayout desc='Tuesday, 23 June, Add event'
06-07 22:59:46.741 14018 14018 D AuraOrbit.A11y:               android.widget.FrameLayout
06-07 22:59:46.742 14018 14018 D AuraOrbit.A11y:                 android.widget.FrameLayout desc='Wednesday, 24 June, Add event'
06-07 22:59:46.742 14018 14018 D AuraOrbit.A11y:               android.widget.FrameLayout
06-07 22:59:46.742 14018 14018 D AuraOrbit.A11y:                 android.widget.FrameLayout desc='Thursday, 25 June, Add event'
06-07 22:59:46.742 14018 14018 D AuraOrbit.A11y:               android.widget.FrameLayout
06-07 22:59:46.743 14018 14018 D AuraOrbit.A11y:                 android.widget.FrameLayout desc='Friday, 26 June, 1 event'
06-07 22:59:46.743 14018 14018 D AuraOrbit.A11y:               android.widget.FrameLayout
06-07 22:59:46.743 14018 14018 D AuraOrbit.A11y:                 android.widget.FrameLayout desc='Saturday, 27 June, Add event'
06-07 22:59:46.744 14018 14018 D AuraOrbit.A11y:               android.widget.FrameLayout
06-07 22:59:46.744 14018 14018 D AuraOrbit.A11y:                 android.widget.FrameLayout desc='Sunday, 28 June, Add event'
06-07 22:59:46.744 14018 14018 D AuraOrbit.A11y:               android.widget.FrameLayout
06-07 22:59:46.745 14018 14018 D AuraOrbit.A11y:                 android.widget.FrameLayout desc='Monday, 29 June, Add event'
06-07 22:59:46.745 14018 14018 D AuraOrbit.A11y:               android.widget.FrameLayout
06-07 22:59:46.745 14018 14018 D AuraOrbit.A11y:                 android.widget.FrameLayout desc='Tuesday, 30 June, 1 event'
06-07 22:59:46.746 14018 14018 D AuraOrbit.A11y:               android.widget.FrameLayout
06-07 22:59:46.746 14018 14018 D AuraOrbit.A11y:                 android.widget.FrameLayout desc='Wednesday, 1 July, Add event'
06-07 22:59:46.746 14018 14018 D AuraOrbit.A11y:               android.widget.FrameLayout
06-07 22:59:46.747 14018 14018 D AuraOrbit.A11y:                 android.widget.FrameLayout desc='Thursday, 2 July, Add event'
06-07 22:59:46.747 14018 14018 D AuraOrbit.A11y:               android.widget.FrameLayout
06-07 22:59:46.747 14018 14018 D AuraOrbit.A11y:                 android.widget.FrameLayout desc='Friday, 3 July, Add event'
06-07 22:59:46.748 14018 14018 D AuraOrbit.A11y:               android.widget.FrameLayout
06-07 22:59:46.749 14018 14018 D AuraOrbit.A11y:                 android.widget.FrameLayout desc='Saturday, 4 July, Add event'
06-07 22:59:46.749 14018 14018 D AuraOrbit.A11y:               android.widget.FrameLayout
06-07 22:59:46.750 14018 14018 D AuraOrbit.A11y:                 android.widget.FrameLayout desc='Sunday, 5 July, 1 event'
06-07 22:59:46.750 14018 14018 D AuraOrbit.A11y:         android.widget.FrameLayout
06-07 22:59:46.750 14018 14018 D AuraOrbit.A11y:           android.widget.FrameLayout
06-07 22:59:46.751 14018 14018 D AuraOrbit.A11y:             android.widget.FrameLayout desc='Device care'
06-07 22:59:46.751 14018 14018 D AuraOrbit.A11y:               android.widget.FrameLayout
06-07 22:59:46.751 14018 14018 D AuraOrbit.A11y:                 android.widget.ImageView desc='Optimise now'
06-07 22:59:46.752 14018 14018 D AuraOrbit.A11y:               android.widget.TextView text='Optimise'
06-07 22:59:46.752 14018 14018 D AuraOrbit.A11y:               android.widget.ProgressBar
06-07 22:59:46.752 14018 14018 D AuraOrbit.A11y:               android.widget.TextView
06-07 22:59:46.753 14018 14018 D AuraOrbit.A11y:               android.widget.TextView text='74.4 GB'
06-07 22:59:46.753 14018 14018 D AuraOrbit.A11y:               android.widget.TextView
06-07 22:59:46.753 14018 14018 D AuraOrbit.A11y:               android.widget.TextView text=' / '
06-07 22:59:46.754 14018 14018 D AuraOrbit.A11y:               android.widget.TextView text='256 GB'
06-07 22:59:46.754 14018 14018 D AuraOrbit.A11y:               android.widget.TextView
06-07 22:59:46.754 14018 14018 D AuraOrbit.A11y:               android.widget.ProgressBar
06-07 22:59:46.755 14018 14018 D AuraOrbit.A11y:               android.widget.TextView text='7.5'
06-07 22:59:46.756 14018 14018 D AuraOrbit.A11y:               android.widget.TextView text='GB'
06-07 22:59:46.756 14018 14018 D AuraOrbit.A11y:               android.widget.TextView text=' / '
06-07 22:59:46.757 14018 14018 D AuraOrbit.A11y:               android.widget.TextView
06-07 22:59:46.757 14018 14018 D AuraOrbit.A11y:               android.widget.TextView text='12 GB'
06-07 22:59:46.758 14018 14018 D AuraOrbit.A11y:               android.widget.TextView
06-07 22:59:46.758 14018 14018 D AuraOrbit.A11y:         android.widget.LinearLayout
06-07 22:59:46.758 14018 14018 D AuraOrbit.A11y:       android.widget.FrameLayout desc='Page 1 of 4 ' [visible]
06-07 22:59:46.758 14018 14018 D AuraOrbit.A11y:       android.widget.FrameLayout desc='Page 2 of 4 ' [visible]
06-07 22:59:46.758 14018 14018 D AuraOrbit.A11y:       android.widget.FrameLayout desc='Page 3 of 4 ' [visible]
06-07 22:59:46.758 14018 14018 D AuraOrbit.A11y:       android.widget.FrameLayout desc='Page 4 of 4 ' [visible]
06-07 22:59:46.758 14018 14018 D AuraOrbit.A11y:     android.widget.RelativeLayout [visible]
06-07 22:59:46.758 14018 14018 D AuraOrbit.A11y:       android.widget.FrameLayout desc='Phone' [visible]
06-07 22:59:46.758 14018 14018 D AuraOrbit.A11y:         android.widget.TextView text='Phone' [visible]
06-07 22:59:46.758 14018 14018 D AuraOrbit.A11y:       android.widget.FrameLayout desc='Camera' [visible]
06-07 22:59:46.758 14018 14018 D AuraOrbit.A11y:         android.widget.TextView text='Camera' [visible]
06-07 22:59:46.758 14018 14018 D AuraOrbit.A11y:       android.widget.FrameLayout desc='Brave' [visible]
06-07 22:59:46.758 14018 14018 D AuraOrbit.A11y:         android.widget.TextView text='Brave' [visible]
06-07 22:59:46.758 14018 14018 D AuraOrbit.A11y:       android.widget.FrameLayout desc='YouTube' [visible]
06-07 22:59:46.758 14018 14018 D AuraOrbit.A11y:         android.widget.TextView text='YouTube' [visible]
06-07 22:59:46.758 14018 14018 D AuraOrbit.A11y:       android.widget.FrameLayout desc='WhatsApp' [visible]
06-07 22:59:46.758 14018 14018 D AuraOrbit.A11y:         android.widget.TextView text='WhatsApp' [visible]
06-07 22:59:46.758 14018 14018 D AuraOrbit.A11y: === DEBUG DUMP TREE END ===
06-07 22:59:46.845 14018 14125 D AuraOrbit.Engine: VIS branch=A11Y target=1.0 pv=1.0 | a11y[conn=true page=1 of=4 drawer=false ageMs=83] | inferredPage=0 activePage=0 offsetsEver=false xStep=-1.0 xOff=0.5 | preview=false visible=true zoom=0.0 returnAnim=1.0 launchIdx=-1
06-07 22:59:47.846 14018 14125 D AuraOrbit.Engine: VIS branch=A11Y target=1.0 pv=1.0 | a11y[conn=true page=1 of=4 drawer=false ageMs=724] | inferredPage=0 activePage=0 offsetsEver=false xStep=-1.0 xOff=0.5 | preview=false visible=true zoom=0.0 returnAnim=1.0 launchIdx=-1
06-07 22:59:48.853 14018 14125 D AuraOrbit.Engine: VIS branch=A11Y target=1.0 pv=1.0 | a11y[conn=true page=1 of=4 drawer=false ageMs=1731] | inferredPage=0 activePage=0 offsetsEver=false xStep=-1.0 xOff=0.5 | preview=false visible=true zoom=0.0 returnAnim=1.0 launchIdx=-1
06-07 22:59:49.860 14018 14125 D AuraOrbit.Engine: VIS branch=A11Y target=1.0 pv=1.0 | a11y[conn=true page=1 of=4 drawer=false ageMs=2738] | inferredPage=0 activePage=0 offsetsEver=false xStep=-1.0 xOff=0.5 | preview=false visible=true zoom=0.0 returnAnim=1.0 launchIdx=-1
06-07 22:59:50.284 14018 14125 D AuraOrbit.Engine: commitPageSwipe: totalDx=-818.0 velocityX=0.0 path=DRAG → inferredPage=1
06-07 22:59:50.743 14018 14018 D AuraOrbit.A11y: === DEBUG DUMP TREE START ===
06-07 22:59:50.743 14018 14018 D AuraOrbit.A11y: android.widget.FrameLayout [visible]
06-07 22:59:50.745 14018 14018 D AuraOrbit.A11y:   android.widget.FrameLayout [visible]
06-07 22:59:50.745 14018 14018 D AuraOrbit.A11y:     android.widget.FrameLayout [visible]
06-07 22:59:50.745 14018 14018 D AuraOrbit.A11y:       android.view.ViewGroup [visible]
06-07 22:59:50.745 14018 14018 D AuraOrbit.A11y:         android.widget.LinearLayout
06-07 22:59:50.745 14018 14018 D AuraOrbit.A11y:         android.widget.FrameLayout
06-07 22:59:50.746 14018 14018 D AuraOrbit.A11y:           android.widget.FrameLayout
06-07 22:59:50.747 14018 14018 D AuraOrbit.A11y:             android.widget.TextView text='32°' desc='Current temperature, 32 degrees'
06-07 22:59:50.747 14018 14018 D AuraOrbit.A11y:             android.widget.TextView text='Tomorrow's high feels like 44°C due to humidity' desc='Tomorrow's high feels like 44°C due to humidity'
06-07 22:59:50.747 14018 14018 D AuraOrbit.A11y:             android.widget.TextView text='TP 13' desc='TP 13'
06-07 22:59:50.747 14018 14018 D AuraOrbit.A11y:             android.widget.ImageView desc='Smoke'
06-07 22:59:50.747 14018 14018 D AuraOrbit.A11y:         android.widget.FrameLayout
06-07 22:59:50.748 14018 14018 D AuraOrbit.A11y:           android.widget.FrameLayout
06-07 22:59:50.750 14018 14018 D AuraOrbit.A11y:             android.widget.FrameLayout desc='Screen time,6 hours 28 minutes Call of Duty 3 hours 11 minutes Instagram 1 hour 21 minutes YouTube 33 minutes'
06-07 22:59:50.750 14018 14018 D AuraOrbit.A11y:               android.widget.TextView text='Call of Duty'
06-07 22:59:50.750 14018 14018 D AuraOrbit.A11y:               android.widget.TextView text='Instagram'
06-07 22:59:50.750 14018 14018 D AuraOrbit.A11y:               android.widget.TextView text='YouTube'
06-07 22:59:50.750 14018 14018 D AuraOrbit.A11y:               android.widget.TextView text='6'
06-07 22:59:50.751 14018 14018 D AuraOrbit.A11y:               android.widget.TextView text=' h '
06-07 22:59:50.752 14018 14018 D AuraOrbit.A11y:               android.widget.TextView text='28'
06-07 22:59:50.753 14018 14018 D AuraOrbit.A11y:               android.widget.TextView text=' m'
06-07 22:59:50.753 14018 14018 D AuraOrbit.A11y:               android.widget.ProgressBar
06-07 22:59:50.754 14018 14018 D AuraOrbit.A11y:               android.widget.ProgressBar
06-07 22:59:50.754 14018 14018 D AuraOrbit.A11y:               android.widget.ProgressBar
06-07 22:59:50.755 14018 14018 D AuraOrbit.A11y:               android.widget.ProgressBar
06-07 22:59:50.756 14018 14018 D AuraOrbit.A11y:               android.widget.FrameLayout
06-07 22:59:50.756 14018 14018 D AuraOrbit.A11y:                 android.widget.ImageView desc='Refresh'
06-07 22:59:50.757 14018 14018 D AuraOrbit.A11y:         android.widget.FrameLayout
06-07 22:59:50.757 14018 14018 D AuraOrbit.A11y:           android.widget.ImageView desc='Google Search'
06-07 22:59:50.757 14018 14018 D AuraOrbit.A11y:           android.widget.ImageButton desc='Google app'
06-07 22:59:50.757 14018 14018 D AuraOrbit.A11y:           android.widget.ImageButton desc='Voice search'
06-07 22:59:50.758 14018 14018 D AuraOrbit.A11y:           android.widget.ImageButton desc='Camera search'
06-07 22:59:50.760 14018 14018 D AuraOrbit.A11y:         android.widget.FrameLayout desc='Gallery'
06-07 22:59:50.760 14018 14018 D AuraOrbit.A11y:           android.widget.TextView text='Gallery'
06-07 22:59:50.761 14018 14018 D AuraOrbit.A11y:         android.widget.FrameLayout desc='Play Store'
06-07 22:59:50.761 14018 14018 D AuraOrbit.A11y:           android.widget.TextView text='Play Store'
06-07 22:59:50.762 14018 14018 D AuraOrbit.A11y:         android.widget.FrameLayout desc='Settings'
06-07 22:59:50.762 14018 14018 D AuraOrbit.A11y:           android.widget.TextView text='Settings'
06-07 22:59:50.764 14018 14018 D AuraOrbit.A11y:         android.widget.FrameLayout desc='Messages'
06-07 22:59:50.764 14018 14018 D AuraOrbit.A11y:           android.widget.TextView text='Messages'
06-07 22:59:50.764 14018 14018 D AuraOrbit.A11y:         android.widget.FrameLayout desc='Money Manager'
06-07 22:59:50.765 14018 14018 D AuraOrbit.A11y:           android.widget.TextView text='Money Manager'
06-07 22:59:50.765 14018 14018 D AuraOrbit.A11y:         android.widget.FrameLayout desc='Payment, Folder'
06-07 22:59:50.766 14018 14018 D AuraOrbit.A11y:           android.widget.TextView text='Payment'
06-07 22:59:50.766 14018 14018 D AuraOrbit.A11y:         android.widget.FrameLayout desc='Food, Folder'
06-07 22:59:50.767 14018 14018 D AuraOrbit.A11y:           android.widget.TextView text='Food'
06-07 22:59:50.767 14018 14018 D AuraOrbit.A11y:         android.widget.FrameLayout desc='Authenticator'
06-07 22:59:50.767 14018 14018 D AuraOrbit.A11y:           android.widget.TextView text='Authenticator'
06-07 22:59:50.768 14018 14018 D AuraOrbit.A11y:         android.widget.FrameLayout desc='Microsoft, Folder'
06-07 22:59:50.768 14018 14018 D AuraOrbit.A11y:           android.widget.TextView text='Microsoft'
06-07 22:59:50.768 14018 14018 D AuraOrbit.A11y:         android.widget.FrameLayout desc='Google, Folder'
06-07 22:59:50.769 14018 14018 D AuraOrbit.A11y:           android.widget.TextView text='Google'
06-07 22:59:50.769 14018 14018 D AuraOrbit.A11y:         android.widget.LinearLayout
06-07 22:59:50.770 14018 14018 D AuraOrbit.A11y:         android.widget.FrameLayout [visible]
06-07 22:59:50.770 14018 14018 D AuraOrbit.A11y:           android.widget.FrameLayout desc='Reminder widget' [visible]
06-07 22:59:50.770 14018 14018 D AuraOrbit.A11y:             android.widget.FrameLayout [visible]
06-07 22:59:50.770 14018 14018 D AuraOrbit.A11y:               android.widget.LinearLayout desc='Open Reminder' [visible]
06-07 22:59:50.771 14018 14018 D AuraOrbit.A11y:                 android.widget.FrameLayout [visible]
06-07 22:59:50.771 14018 14018 D AuraOrbit.A11y:                   android.widget.LinearLayout desc='All Dropdown list' [visible]
06-07 22:59:50.771 14018 14018 D AuraOrbit.A11y:                     android.widget.TextView text='All' [visible]
06-07 22:59:50.771 14018 14018 D AuraOrbit.A11y:             android.widget.FrameLayout [visible]
06-07 22:59:50.771 14018 14018 D AuraOrbit.A11y:               android.widget.LinearLayout desc='Add reminder Button' [visible]
06-07 22:59:50.772 14018 14018 D AuraOrbit.A11y:             android.widget.ListView [visible]
06-07 22:59:50.773 14018 14018 D AuraOrbit.A11y:               android.appwidget.AppWidgetHostView [visible]
06-07 22:59:50.773 14018 14018 D AuraOrbit.A11y:                 android.widget.FrameLayout [visible]
06-07 22:59:50.773 14018 14018 D AuraOrbit.A11y:                   android.widget.LinearLayout desc='DSA' [visible]
06-07 22:59:50.773 14018 14018 D AuraOrbit.A11y:                     android.widget.FrameLayout [visible]
06-07 22:59:50.774 14018 14018 D AuraOrbit.A11y:                       android.widget.ImageView desc='Not checked, DSA' [visible]
06-07 22:59:50.774 14018 14018 D AuraOrbit.A11y:                     android.widget.TextView text='DSA' [visible]
06-07 22:59:50.775 14018 14018 D AuraOrbit.A11y:         android.widget.FrameLayout [visible]
06-07 22:59:50.776 14018 14018 D AuraOrbit.A11y:           android.widget.FrameLayout desc='Voice Recorder' [visible]
06-07 22:59:50.776 14018 14018 D AuraOrbit.A11y:             android.widget.RelativeLayout [visible]
06-07 22:59:50.776 14018 14018 D AuraOrbit.A11y:               android.widget.Chronometer text='00:00' desc='0 seconds' [visible]
06-07 22:59:50.777 14018 14018 D AuraOrbit.A11y:               android.widget.LinearLayout desc='Record, Button' [visible]
06-07 22:59:50.777 14018 14018 D AuraOrbit.A11y:         android.widget.FrameLayout desc='NoScroll' [visible]
06-07 22:59:50.778 14018 14018 D AuraOrbit.A11y:           android.widget.TextView text='NoScroll' [visible]
06-07 22:59:50.778 14018 14018 D AuraOrbit.A11y:         android.widget.FrameLayout desc='Keep notes' [visible]
06-07 22:59:50.778 14018 14018 D AuraOrbit.A11y:           android.widget.TextView text='Keep notes' [visible]
06-07 22:59:50.779 14018 14018 D AuraOrbit.A11y:         android.widget.FrameLayout desc='KDE Connect, 1 notification' [visible]
06-07 22:59:50.779 14018 14018 D AuraOrbit.A11y:           android.widget.TextView text='KDE Connect' [visible]
06-07 22:59:50.779 14018 14018 D AuraOrbit.A11y:         android.widget.FrameLayout desc='Rapido' [visible]
06-07 22:59:50.779 14018 14018 D AuraOrbit.A11y:           android.widget.TextView text='Rapido' [visible]
06-07 22:59:50.780 14018 14018 D AuraOrbit.A11y:         android.widget.FrameLayout desc='Bixby' [visible]
06-07 22:59:50.780 14018 14018 D AuraOrbit.A11y:           android.widget.TextView text='Bixby' [visible]
06-07 22:59:50.780 14018 14018 D AuraOrbit.A11y:         android.widget.FrameLayout [visible]
06-07 22:59:50.781 14018 14018 D AuraOrbit.A11y:           android.widget.FrameLayout [visible]
06-07 22:59:50.781 14018 14018 D AuraOrbit.A11y:             android.view.View desc='22:59' [visible]
06-07 22:59:50.781 14018 14018 D AuraOrbit.A11y:             android.widget.TextView text='Sun,' desc='Sun,' [visible]
06-07 22:59:50.781 14018 14018 D AuraOrbit.A11y:             android.widget.TextView text='7 Jun' desc='7 Jun' [visible]
06-07 22:59:50.781 14018 14018 D AuraOrbit.A11y:         android.widget.FrameLayout desc='Call of Duty' [visible]
06-07 22:59:50.782 14018 14018 D AuraOrbit.A11y:           android.widget.TextView text='Call of Duty' [visible]
06-07 22:59:50.782 14018 14018 D AuraOrbit.A11y:         android.widget.FrameLayout desc='Instagram' [visible]
06-07 22:59:50.783 14018 14018 D AuraOrbit.A11y:           android.widget.TextView text='Instagram' [visible]
06-07 22:59:50.783 14018 14018 D AuraOrbit.A11y:         android.widget.FrameLayout desc='Money Manager' [visible]
06-07 22:59:50.783 14018 14018 D AuraOrbit.A11y:           android.widget.TextView text='Money Manager' [visible]
06-07 22:59:50.784 14018 14018 D AuraOrbit.A11y:         android.widget.FrameLayout desc='Calculator' [visible]
06-07 22:59:50.784 14018 14018 D AuraOrbit.A11y:           android.widget.TextView text='Calculator' [visible]
06-07 22:59:50.784 14018 14018 D AuraOrbit.A11y:         android.widget.FrameLayout [visible]
06-07 22:59:50.785 14018 14018 D AuraOrbit.A11y:           android.widget.FrameLayout [visible]
06-07 22:59:50.785 14018 14018 D AuraOrbit.A11y:             android.widget.LinearLayout desc='Type Gemini prompt' [visible]
06-07 22:59:50.785 14018 14018 D AuraOrbit.A11y:               android.widget.TextView text='Ask Gemini' [visible]
06-07 22:59:50.785 14018 14018 D AuraOrbit.A11y:           android.widget.FrameLayout [visible]
06-07 22:59:50.786 14018 14018 D AuraOrbit.A11y:             android.widget.LinearLayout desc='Share video with Gemini Live' [visible]
06-07 22:59:50.786 14018 14018 D AuraOrbit.A11y:               android.widget.TextView text='Video' [visible]
06-07 22:59:50.786 14018 14018 D AuraOrbit.A11y:           android.widget.FrameLayout [visible]
06-07 22:59:50.787 14018 14018 D AuraOrbit.A11y:             android.widget.LinearLayout desc='Talk with Gemini Live' [visible]
06-07 22:59:50.787 14018 14018 D AuraOrbit.A11y:               android.widget.TextView text='Live' [visible]
06-07 22:59:50.787 14018 14018 D AuraOrbit.A11y:         android.widget.FrameLayout [visible]
06-07 22:59:50.787 14018 14018 D AuraOrbit.A11y:           android.widget.FrameLayout [visible]
06-07 22:59:50.787 14018 14018 D AuraOrbit.A11y:             android.widget.ImageButton desc='Copy' [visible]
06-07 22:59:50.788 14018 14018 D AuraOrbit.A11y:         android.widget.FrameLayout [visible]
06-07 22:59:50.789 14018 14018 D AuraOrbit.A11y:           android.widget.FrameLayout [visible]
06-07 22:59:50.789 14018 14018 D AuraOrbit.A11y:             android.widget.FrameLayout desc='Mummy, Direct Dial' [visible]
06-07 22:59:50.789 14018 14018 D AuraOrbit.A11y:           android.widget.TextView
06-07 22:59:50.789 14018 14018 D AuraOrbit.A11y:           android.widget.TextView text='Mummy' [visible]
06-07 22:59:50.789 14018 14018 D AuraOrbit.A11y:           android.widget.FrameLayout [visible]
06-07 22:59:50.790 14018 14018 D AuraOrbit.A11y:             android.widget.FrameLayout desc='Nency, Direct Dial' [visible]
06-07 22:59:50.790 14018 14018 D AuraOrbit.A11y:           android.widget.TextView
06-07 22:59:50.790 14018 14018 D AuraOrbit.A11y:           android.widget.TextView text='Nency' [visible]
06-07 22:59:50.790 14018 14018 D AuraOrbit.A11y:           android.widget.FrameLayout [visible]
06-07 22:59:50.790 14018 14018 D AuraOrbit.A11y:             android.widget.FrameLayout desc='Papa, Direct Dial' [visible]
06-07 22:59:50.791 14018 14018 D AuraOrbit.A11y:           android.widget.TextView
06-07 22:59:50.791 14018 14018 D AuraOrbit.A11y:           android.widget.TextView text='Papa' [visible]
06-07 22:59:50.791 14018 14018 D AuraOrbit.A11y:           android.widget.FrameLayout [visible]
06-07 22:59:50.792 14018 14018 D AuraOrbit.A11y:             android.widget.FrameLayout desc='No contact' [visible]
06-07 22:59:50.792 14018 14018 D AuraOrbit.A11y:           android.widget.TextView
06-07 22:59:50.793 14018 14018 D AuraOrbit.A11y:           android.widget.TextView [visible]
06-07 22:59:50.793 14018 14018 D AuraOrbit.A11y:         android.widget.LinearLayout
06-07 22:59:50.794 14018 14018 D AuraOrbit.A11y:         android.widget.FrameLayout
06-07 22:59:50.794 14018 14018 D AuraOrbit.A11y:           android.widget.FrameLayout desc='Month'
06-07 22:59:50.794 14018 14018 D AuraOrbit.A11y:             android.widget.FrameLayout
06-07 22:59:50.795 14018 14018 D AuraOrbit.A11y:               android.widget.FrameLayout
06-07 22:59:50.795 14018 14018 D AuraOrbit.A11y:                 android.widget.ImageView desc='Previous month Button'
06-07 22:59:50.795 14018 14018 D AuraOrbit.A11y:               android.widget.TextView text='JUN' desc='June '
06-07 22:59:50.796 14018 14018 D AuraOrbit.A11y:               android.widget.FrameLayout
06-07 22:59:50.796 14018 14018 D AuraOrbit.A11y:                 android.widget.ImageView desc='Next month Button'
06-07 22:59:50.796 14018 14018 D AuraOrbit.A11y:               android.widget.FrameLayout
06-07 22:59:50.797 14018 14018 D AuraOrbit.A11y:                 android.widget.ImageView desc='Handwriting Button'
06-07 22:59:50.797 14018 14018 D AuraOrbit.A11y:               android.widget.FrameLayout
06-07 22:59:50.797 14018 14018 D AuraOrbit.A11y:                 android.widget.ImageView desc='Add detailed event Button'
06-07 22:59:50.798 14018 14018 D AuraOrbit.A11y:               android.widget.FrameLayout
06-07 22:59:50.798 14018 14018 D AuraOrbit.A11y:                 android.widget.TextView text='7' desc='7, Today Button'
06-07 22:59:50.798 14018 14018 D AuraOrbit.A11y:             android.widget.TextView text='M'
06-07 22:59:50.798 14018 14018 D AuraOrbit.A11y:             android.widget.TextView text='T'
06-07 22:59:50.798 14018 14018 D AuraOrbit.A11y:             android.widget.TextView text='W'
06-07 22:59:50.799 14018 14018 D AuraOrbit.A11y:             android.widget.TextView text='T'
06-07 22:59:50.799 14018 14018 D AuraOrbit.A11y:             android.widget.TextView text='F'
06-07 22:59:50.799 14018 14018 D AuraOrbit.A11y:             android.widget.TextView text='S'
06-07 22:59:50.800 14018 14018 D AuraOrbit.A11y:             android.widget.TextView text='S'
06-07 22:59:50.800 14018 14018 D AuraOrbit.A11y:             android.widget.FrameLayout
06-07 22:59:50.801 14018 14018 D AuraOrbit.A11y:               android.widget.FrameLayout
06-07 22:59:50.801 14018 14018 D AuraOrbit.A11y:                 android.widget.FrameLayout desc='Monday, 1 June, Add event'
06-07 22:59:50.801 14018 14018 D AuraOrbit.A11y:               android.widget.FrameLayout
06-07 22:59:50.801 14018 14018 D AuraOrbit.A11y:                 android.widget.FrameLayout desc='Tuesday, 2 June, Add event'
06-07 22:59:50.802 14018 14018 D AuraOrbit.A11y:               android.widget.FrameLayout
06-07 22:59:50.802 14018 14018 D AuraOrbit.A11y:                 android.widget.FrameLayout desc='Wednesday, 3 June, Add event'
06-07 22:59:50.803 14018 14018 D AuraOrbit.A11y:               android.widget.FrameLayout
06-07 22:59:50.803 14018 14018 D AuraOrbit.A11y:                 android.widget.FrameLayout desc='Thursday, 4 June, Add event'
06-07 22:59:50.803 14018 14018 D AuraOrbit.A11y:               android.widget.FrameLayout
06-07 22:59:50.804 14018 14018 D AuraOrbit.A11y:                 android.widget.FrameLayout desc='Friday, 5 June, Add event'
06-07 22:59:50.804 14018 14018 D AuraOrbit.A11y:               android.widget.FrameLayout
06-07 22:59:50.805 14018 14018 D AuraOrbit.A11y:                 android.widget.FrameLayout desc='Saturday, 6 June, Add event'
06-07 22:59:50.805 14018 14018 D AuraOrbit.A11y:               android.widget.FrameLayout
06-07 22:59:50.805 14018 14018 D AuraOrbit.A11y:                 android.widget.FrameLayout desc='Today, Sunday, 7 June, 1 event'
06-07 22:59:50.805 14018 14018 D AuraOrbit.A11y:               android.widget.FrameLayout
06-07 22:59:50.806 14018 14018 D AuraOrbit.A11y:                 android.widget.FrameLayout desc='Monday, 8 June, Add event'
06-07 22:59:50.806 14018 14018 D AuraOrbit.A11y:               android.widget.FrameLayout
06-07 22:59:50.806 14018 14018 D AuraOrbit.A11y:                 android.widget.FrameLayout desc='Tuesday, 9 June, Add event'
06-07 22:59:50.807 14018 14018 D AuraOrbit.A11y:               android.widget.FrameLayout
06-07 22:59:50.807 14018 14018 D AuraOrbit.A11y:                 android.widget.FrameLayout desc='Wednesday, 10 June, Add event'
06-07 22:59:50.808 14018 14018 D AuraOrbit.A11y:               android.widget.FrameLayout
06-07 22:59:50.808 14018 14018 D AuraOrbit.A11y:                 android.widget.FrameLayout desc='Thursday, 11 June, Add event'
06-07 22:59:50.809 14018 14018 D AuraOrbit.A11y:               android.widget.FrameLayout
06-07 22:59:50.809 14018 14018 D AuraOrbit.A11y:                 android.widget.FrameLayout desc='Friday, 12 June, Add event'
06-07 22:59:50.809 14018 14018 D AuraOrbit.A11y:               android.widget.FrameLayout
06-07 22:59:50.810 14018 14018 D AuraOrbit.A11y:                 android.widget.FrameLayout desc='Saturday, 13 June, Add event'
06-07 22:59:50.810 14018 14018 D AuraOrbit.A11y:               android.widget.FrameLayout
06-07 22:59:50.810 14018 14018 D AuraOrbit.A11y:                 android.widget.FrameLayout desc='Sunday, 14 June, Add event'
06-07 22:59:50.811 14018 14018 D AuraOrbit.A11y:               android.widget.FrameLayout
06-07 22:59:50.811 14018 14018 D AuraOrbit.A11y:                 android.widget.FrameLayout desc='Monday, 15 June, Add event'
06-07 22:59:50.811 14018 14018 D AuraOrbit.A11y:               android.widget.FrameLayout
06-07 22:59:50.812 14018 14018 D AuraOrbit.A11y:                 android.widget.FrameLayout desc='Tuesday, 16 June, Add event'
06-07 22:59:50.812 14018 14018 D AuraOrbit.A11y:               android.widget.FrameLayout
06-07 22:59:50.813 14018 14018 D AuraOrbit.A11y:                 android.widget.FrameLayout desc='Wednesday, 17 June, Add event'
06-07 22:59:50.813 14018 14018 D AuraOrbit.A11y:               android.widget.FrameLayout
06-07 22:59:50.813 14018 14018 D AuraOrbit.A11y:                 android.widget.FrameLayout desc='Thursday, 18 June, Add event'
06-07 22:59:50.814 14018 14018 D AuraOrbit.A11y:               android.widget.FrameLayout
06-07 22:59:50.814 14018 14018 D AuraOrbit.A11y:                 android.widget.FrameLayout desc='Friday, 19 June, Add event'
06-07 22:59:50.814 14018 14018 D AuraOrbit.A11y:               android.widget.FrameLayout
06-07 22:59:50.815 14018 14018 D AuraOrbit.A11y:                 android.widget.FrameLayout desc='Saturday, 20 June, Add event'
06-07 22:59:50.815 14018 14018 D AuraOrbit.A11y:               android.widget.FrameLayout
06-07 22:59:50.815 14018 14018 D AuraOrbit.A11y:                 android.widget.FrameLayout desc='Sunday, 21 June, Add event'
06-07 22:59:50.815 14018 14018 D AuraOrbit.A11y:               android.widget.FrameLayout
06-07 22:59:50.816 14018 14018 D AuraOrbit.A11y:                 android.widget.FrameLayout desc='Monday, 22 June, Add event'
06-07 22:59:50.816 14018 14018 D AuraOrbit.A11y:               android.widget.FrameLayout
06-07 22:59:50.816 14018 14018 D AuraOrbit.A11y:                 android.widget.FrameLayout desc='Tuesday, 23 June, Add event'
06-07 22:59:50.817 14018 14018 D AuraOrbit.A11y:               android.widget.FrameLayout
06-07 22:59:50.817 14018 14018 D AuraOrbit.A11y:                 android.widget.FrameLayout desc='Wednesday, 24 June, Add event'
06-07 22:59:50.817 14018 14018 D AuraOrbit.A11y:               android.widget.FrameLayout
06-07 22:59:50.817 14018 14018 D AuraOrbit.A11y:                 android.widget.FrameLayout desc='Thursday, 25 June, Add event'
06-07 22:59:50.818 14018 14018 D AuraOrbit.A11y:               android.widget.FrameLayout
06-07 22:59:50.818 14018 14018 D AuraOrbit.A11y:                 android.widget.FrameLayout desc='Friday, 26 June, 1 event'
06-07 22:59:50.818 14018 14018 D AuraOrbit.A11y:               android.widget.FrameLayout
06-07 22:59:50.819 14018 14018 D AuraOrbit.A11y:                 android.widget.FrameLayout desc='Saturday, 27 June, Add event'
06-07 22:59:50.819 14018 14018 D AuraOrbit.A11y:               android.widget.FrameLayout
06-07 22:59:50.819 14018 14018 D AuraOrbit.A11y:                 android.widget.FrameLayout desc='Sunday, 28 June, Add event'
06-07 22:59:50.820 14018 14018 D AuraOrbit.A11y:               android.widget.FrameLayout
06-07 22:59:50.820 14018 14018 D AuraOrbit.A11y:                 android.widget.FrameLayout desc='Monday, 29 June, Add event'
06-07 22:59:50.820 14018 14018 D AuraOrbit.A11y:               android.widget.FrameLayout
06-07 22:59:50.821 14018 14018 D AuraOrbit.A11y:                 android.widget.FrameLayout desc='Tuesday, 30 June, 1 event'
06-07 22:59:50.821 14018 14018 D AuraOrbit.A11y:               android.widget.FrameLayout
06-07 22:59:50.821 14018 14018 D AuraOrbit.A11y:                 android.widget.FrameLayout desc='Wednesday, 1 July, Add event'
06-07 22:59:50.821 14018 14018 D AuraOrbit.A11y:               android.widget.FrameLayout
06-07 22:59:50.822 14018 14018 D AuraOrbit.A11y:                 android.widget.FrameLayout desc='Thursday, 2 July, Add event'
06-07 22:59:50.822 14018 14018 D AuraOrbit.A11y:               android.widget.FrameLayout
06-07 22:59:50.822 14018 14018 D AuraOrbit.A11y:                 android.widget.FrameLayout desc='Friday, 3 July, Add event'
06-07 22:59:50.823 14018 14018 D AuraOrbit.A11y:               android.widget.FrameLayout
06-07 22:59:50.823 14018 14018 D AuraOrbit.A11y:                 android.widget.FrameLayout desc='Saturday, 4 July, Add event'
06-07 22:59:50.823 14018 14018 D AuraOrbit.A11y:               android.widget.FrameLayout
06-07 22:59:50.823 14018 14018 D AuraOrbit.A11y:                 android.widget.FrameLayout desc='Sunday, 5 July, 1 event'
06-07 22:59:50.824 14018 14018 D AuraOrbit.A11y:         android.widget.FrameLayout
06-07 22:59:50.824 14018 14018 D AuraOrbit.A11y:           android.widget.FrameLayout
06-07 22:59:50.824 14018 14018 D AuraOrbit.A11y:             android.widget.FrameLayout desc='Device care'
06-07 22:59:50.825 14018 14018 D AuraOrbit.A11y:               android.widget.FrameLayout
06-07 22:59:50.825 14018 14018 D AuraOrbit.A11y:                 android.widget.ImageView desc='Optimise now'
06-07 22:59:50.825 14018 14018 D AuraOrbit.A11y:               android.widget.TextView text='Optimise'
06-07 22:59:50.826 14018 14018 D AuraOrbit.A11y:               android.widget.ProgressBar
06-07 22:59:50.826 14018 14018 D AuraOrbit.A11y:               android.widget.TextView
06-07 22:59:50.826 14018 14018 D AuraOrbit.A11y:               android.widget.TextView text='74.4 GB'
06-07 22:59:50.827 14018 14018 D AuraOrbit.A11y:               android.widget.TextView
06-07 22:59:50.827 14018 14018 D AuraOrbit.A11y:               android.widget.TextView text=' / '
06-07 22:59:50.827 14018 14018 D AuraOrbit.A11y:               android.widget.TextView text='256 GB'
06-07 22:59:50.828 14018 14018 D AuraOrbit.A11y:               android.widget.TextView
06-07 22:59:50.828 14018 14018 D AuraOrbit.A11y:               android.widget.ProgressBar
06-07 22:59:50.828 14018 14018 D AuraOrbit.A11y:               android.widget.TextView text='7.5'
06-07 22:59:50.829 14018 14018 D AuraOrbit.A11y:               android.widget.TextView text='GB'
06-07 22:59:50.829 14018 14018 D AuraOrbit.A11y:               android.widget.TextView text=' / '
06-07 22:59:50.829 14018 14018 D AuraOrbit.A11y:               android.widget.TextView
06-07 22:59:50.830 14018 14018 D AuraOrbit.A11y:               android.widget.TextView text='12 GB'
06-07 22:59:50.830 14018 14018 D AuraOrbit.A11y:               android.widget.TextView
06-07 22:59:50.830 14018 14018 D AuraOrbit.A11y:         android.widget.LinearLayout
06-07 22:59:50.830 14018 14018 D AuraOrbit.A11y:       android.widget.FrameLayout desc='Page 1 of 4 ' [visible]
06-07 22:59:50.830 14018 14018 D AuraOrbit.A11y:       android.widget.FrameLayout desc='Page 2 of 4 ' [visible]
06-07 22:59:50.831 14018 14018 D AuraOrbit.A11y:       android.widget.FrameLayout desc='Page 3 of 4 ' [visible]
06-07 22:59:50.831 14018 14018 D AuraOrbit.A11y:       android.widget.FrameLayout desc='Page 4 of 4 ' [visible]
06-07 22:59:50.831 14018 14018 D AuraOrbit.A11y:     android.widget.RelativeLayout [visible]
06-07 22:59:50.832 14018 14018 D AuraOrbit.A11y:       android.widget.FrameLayout desc='Phone' [visible]
06-07 22:59:50.832 14018 14018 D AuraOrbit.A11y:         android.widget.TextView text='Phone' [visible]
06-07 22:59:50.832 14018 14018 D AuraOrbit.A11y:       android.widget.FrameLayout desc='Camera' [visible]
06-07 22:59:50.833 14018 14018 D AuraOrbit.A11y:         android.widget.TextView text='Camera' [visible]
06-07 22:59:50.833 14018 14018 D AuraOrbit.A11y:       android.widget.FrameLayout desc='Brave' [visible]
06-07 22:59:50.833 14018 14018 D AuraOrbit.A11y:         android.widget.TextView text='Brave' [visible]
06-07 22:59:50.834 14018 14018 D AuraOrbit.A11y:       android.widget.FrameLayout desc='YouTube' [visible]
06-07 22:59:50.834 14018 14018 D AuraOrbit.A11y:         android.widget.TextView text='YouTube' [visible]
06-07 22:59:50.834 14018 14018 D AuraOrbit.A11y:       android.widget.FrameLayout desc='WhatsApp' [visible]
06-07 22:59:50.835 14018 14018 D AuraOrbit.A11y:         android.widget.TextView text='WhatsApp' [visible]
06-07 22:59:50.835 14018 14018 D AuraOrbit.A11y: === DEBUG DUMP TREE END ===
06-07 22:59:50.838 14018 14018 D AuraOrbit.A11y: home page=1 of 4
06-07 22:59:50.847 14018 14125 D AuraOrbit.Engine: commitPageSwipe: totalDx=-1003.0 velocityX=0.0 path=DRAG → inferredPage=1
06-07 22:59:50.866 14018 14125 D AuraOrbit.Engine: VIS branch=A11Y target=1.0 pv=1.0 | a11y[conn=true page=1 of=4 drawer=false ageMs=27] | inferredPage=0 activePage=0 offsetsEver=false xStep=-1.0 xOff=0.5 | preview=false visible=true zoom=0.0 returnAnim=1.0 launchIdx=-1
06-07 22:59:51.872 14018 14125 D AuraOrbit.Engine: VIS branch=A11Y target=1.0 pv=1.0 | a11y[conn=true page=1 of=4 drawer=false ageMs=369] | inferredPage=0 activePage=0 offsetsEver=false xStep=-1.0 xOff=0.5 | preview=false visible=true zoom=0.0 returnAnim=1.0 launchIdx=-1
06-07 22:59:51.951 14018 14018 D AuraOrbit.A11y: home page=1 of 4
06-07 22:59:52.037 14018 14125 D AuraOrbit.Engine: commitPageSwipe: totalDx=-672.0 velocityX=0.0 path=DRAG → inferredPage=1
06-07 22:59:52.873 14018 14125 D AuraOrbit.Engine: VIS branch=A11Y target=1.0 pv=1.0 | a11y[conn=true page=1 of=4 drawer=false ageMs=316] | inferredPage=0 activePage=0 offsetsEver=false xStep=-1.0 xOff=0.5 | preview=false visible=true zoom=0.0 returnAnim=1.0 launchIdx=-1
06-07 22:59:53.880 14018 14125 D AuraOrbit.Engine: VIS branch=A11Y target=1.0 pv=1.0 | a11y[conn=true page=1 of=4 drawer=false ageMs=1323] | inferredPage=0 activePage=0 offsetsEver=false xStep=-1.0 xOff=0.5 | preview=false visible=true zoom=0.0 returnAnim=1.0 launchIdx=-1
06-07 22:59:54.880 14018 14125 D AuraOrbit.Engine: VIS branch=A11Y target=1.0 pv=1.0 | a11y[conn=true page=1 of=4 drawer=false ageMs=2323] | inferredPage=0 activePage=0 offsetsEver=false xStep=-1.0 xOff=0.5 | preview=false visible=true zoom=0.0 returnAnim=1.0 launchIdx=-1
06-07 22:59:55.887 14018 14125 D AuraOrbit.Engine: VIS branch=A11Y target=1.0 pv=1.0 | a11y[conn=true page=1 of=4 drawer=false ageMs=3330] | inferredPage=0 activePage=0 offsetsEver=false xStep=-1.0 xOff=0.5 | preview=false visible=true zoom=0.0 returnAnim=1.0 launchIdx=-1
06-07 22:59:56.894 14018 14125 D AuraOrbit.Engine: VIS branch=A11Y target=1.0 pv=1.0 | a11y[conn=true page=1 of=4 drawer=false ageMs=4338] | inferredPage=0 activePage=0 offsetsEver=false xStep=-1.0 xOff=0.5 | preview=false visible=true zoom=0.0 returnAnim=1.0 launchIdx=-1
06-07 22:59:57.901 14018 14125 D AuraOrbit.Engine: VIS branch=DEAD-RECKONING target=1.0 pv=1.0 | a11y[conn=true page=1 of=4 drawer=false ageMs=5345] | inferredPage=0 activePage=0 offsetsEver=false xStep=-1.0 xOff=0.5 | preview=false visible=true zoom=0.0 returnAnim=1.0 launchIdx=-1
06-07 22:59:58.908 14018 14125 D AuraOrbit.Engine: VIS branch=DEAD-RECKONING target=1.0 pv=1.0 | a11y[conn=true page=1 of=4 drawer=false ageMs=6351] | inferredPage=0 activePage=0 offsetsEver=false xStep=-1.0 xOff=0.5 | preview=false visible=true zoom=0.0 returnAnim=1.0 launchIdx=-1
06-07 22:59:59.915 14018 14125 D AuraOrbit.Engine: VIS branch=DEAD-RECKONING target=1.0 pv=1.0 | a11y[conn=true page=1 of=4 drawer=false ageMs=7358] | inferredPage=0 activePage=0 offsetsEver=false xStep=-1.0 xOff=0.5 | preview=false visible=true zoom=0.0 returnAnim=1.0 launchIdx=-1
06-07 23:00:00.094 14018 14018 D AuraOrbit.A11y: === DEBUG DUMP TREE START ===
06-07 23:00:00.094 14018 14018 D AuraOrbit.A11y: android.widget.FrameLayout [visible]
06-07 23:00:00.097 14018 14018 D AuraOrbit.A11y:   android.widget.FrameLayout [visible]
06-07 23:00:00.097 14018 14018 D AuraOrbit.A11y:     android.widget.FrameLayout [visible]
06-07 23:00:00.097 14018 14018 D AuraOrbit.A11y:       android.view.ViewGroup [visible]
06-07 23:00:00.097 14018 14018 D AuraOrbit.A11y:         android.widget.LinearLayout
06-07 23:00:00.097 14018 14018 D AuraOrbit.A11y:         android.widget.FrameLayout
06-07 23:00:00.099 14018 14018 D AuraOrbit.A11y:           android.widget.FrameLayout
06-07 23:00:00.100 14018 14018 D AuraOrbit.A11y:             android.widget.TextView text='32°' desc='Current temperature, 32 degrees'
06-07 23:00:00.101 14018 14018 D AuraOrbit.A11y:             android.widget.TextView text='Tomorrow's high feels like 44°C due to humidity' desc='Tomorrow's high feels like 44°C due to humidity'
06-07 23:00:00.101 14018 14018 D AuraOrbit.A11y:             android.widget.TextView text='TP 13' desc='TP 13'
06-07 23:00:00.101 14018 14018 D AuraOrbit.A11y:             android.widget.ImageView desc='Smoke'
06-07 23:00:00.101 14018 14018 D AuraOrbit.A11y:         android.widget.FrameLayout
06-07 23:00:00.102 14018 14018 D AuraOrbit.A11y:           android.widget.FrameLayout
06-07 23:00:00.104 14018 14018 D AuraOrbit.A11y:             android.widget.FrameLayout desc='Screen time,6 hours 28 minutes Call of Duty 3 hours 11 minutes Instagram 1 hour 21 minutes YouTube 33 minutes'
06-07 23:00:00.104 14018 14018 D AuraOrbit.A11y:               android.widget.TextView text='Call of Duty'
06-07 23:00:00.104 14018 14018 D AuraOrbit.A11y:               android.widget.TextView text='Instagram'
06-07 23:00:00.105 14018 14018 D AuraOrbit.A11y:               android.widget.TextView text='YouTube'
06-07 23:00:00.105 14018 14018 D AuraOrbit.A11y:               android.widget.TextView text='6'
06-07 23:00:00.105 14018 14018 D AuraOrbit.A11y:               android.widget.TextView text=' h '
06-07 23:00:00.105 14018 14018 D AuraOrbit.A11y:               android.widget.TextView text='28'
06-07 23:00:00.105 14018 14018 D AuraOrbit.A11y:               android.widget.TextView text=' m'
06-07 23:00:00.106 14018 14018 D AuraOrbit.A11y:               android.widget.ProgressBar
06-07 23:00:00.107 14018 14018 D AuraOrbit.A11y:               android.widget.ProgressBar
06-07 23:00:00.108 14018 14018 D AuraOrbit.A11y:               android.widget.ProgressBar
06-07 23:00:00.110 14018 14018 D AuraOrbit.A11y:               android.widget.ProgressBar
06-07 23:00:00.110 14018 14018 D AuraOrbit.A11y:               android.widget.FrameLayout
06-07 23:00:00.111 14018 14018 D AuraOrbit.A11y:                 android.widget.ImageView desc='Refresh'
06-07 23:00:00.111 14018 14018 D AuraOrbit.A11y:         android.widget.FrameLayout
06-07 23:00:00.111 14018 14018 D AuraOrbit.A11y:           android.widget.ImageView desc='Google Search'
06-07 23:00:00.112 14018 14018 D AuraOrbit.A11y:           android.widget.ImageButton desc='Google app'
06-07 23:00:00.113 14018 14018 D AuraOrbit.A11y:           android.widget.ImageButton desc='Voice search'
06-07 23:00:00.114 14018 14018 D AuraOrbit.A11y:           android.widget.ImageButton desc='Camera search'
06-07 23:00:00.115 14018 14018 D AuraOrbit.A11y:         android.widget.FrameLayout desc='Gallery'
06-07 23:00:00.115 14018 14018 D AuraOrbit.A11y:           android.widget.TextView text='Gallery'
06-07 23:00:00.116 14018 14018 D AuraOrbit.A11y:         android.widget.FrameLayout desc='Play Store'
06-07 23:00:00.117 14018 14018 D AuraOrbit.A11y:           android.widget.TextView text='Play Store'
06-07 23:00:00.118 14018 14018 D AuraOrbit.A11y:         android.widget.FrameLayout desc='Settings'
06-07 23:00:00.118 14018 14018 D AuraOrbit.A11y:           android.widget.TextView text='Settings'
06-07 23:00:00.119 14018 14018 D AuraOrbit.A11y:         android.widget.FrameLayout desc='Messages'
06-07 23:00:00.120 14018 14018 D AuraOrbit.A11y:           android.widget.TextView text='Messages'
06-07 23:00:00.121 14018 14018 D AuraOrbit.A11y:         android.widget.FrameLayout desc='Money Manager'
06-07 23:00:00.121 14018 14018 D AuraOrbit.A11y:           android.widget.TextView text='Money Manager'
06-07 23:00:00.121 14018 14018 D AuraOrbit.A11y:         android.widget.FrameLayout desc='Payment, Folder'
06-07 23:00:00.122 14018 14018 D AuraOrbit.A11y:           android.widget.TextView text='Payment'
06-07 23:00:00.122 14018 14018 D AuraOrbit.A11y:         android.widget.FrameLayout desc='Food, Folder'
06-07 23:00:00.123 14018 14018 D AuraOrbit.A11y:           android.widget.TextView text='Food'
06-07 23:00:00.124 14018 14018 D AuraOrbit.A11y:         android.widget.FrameLayout desc='Authenticator'
06-07 23:00:00.124 14018 14018 D AuraOrbit.A11y:           android.widget.TextView text='Authenticator'
06-07 23:00:00.125 14018 14018 D AuraOrbit.A11y:         android.widget.FrameLayout desc='Microsoft, Folder'
06-07 23:00:00.125 14018 14018 D AuraOrbit.A11y:           android.widget.TextView text='Microsoft'
06-07 23:00:00.125 14018 14018 D AuraOrbit.A11y:         android.widget.FrameLayout desc='Google, Folder'
06-07 23:00:00.126 14018 14018 D AuraOrbit.A11y:           android.widget.TextView text='Google'
06-07 23:00:00.126 14018 14018 D AuraOrbit.A11y:         android.widget.LinearLayout
06-07 23:00:00.127 14018 14018 D AuraOrbit.A11y:         android.widget.FrameLayout
06-07 23:00:00.127 14018 14018 D AuraOrbit.A11y:           android.widget.FrameLayout desc='Reminder widget'
06-07 23:00:00.127 14018 14018 D AuraOrbit.A11y:             android.widget.FrameLayout
06-07 23:00:00.128 14018 14018 D AuraOrbit.A11y:               android.widget.LinearLayout desc='Open Reminder'
06-07 23:00:00.128 14018 14018 D AuraOrbit.A11y:                 android.widget.FrameLayout
06-07 23:00:00.128 14018 14018 D AuraOrbit.A11y:                   android.widget.LinearLayout desc='All Dropdown list'
06-07 23:00:00.129 14018 14018 D AuraOrbit.A11y:                     android.widget.TextView text='All'
06-07 23:00:00.129 14018 14018 D AuraOrbit.A11y:             android.widget.FrameLayout
06-07 23:00:00.129 14018 14018 D AuraOrbit.A11y:               android.widget.LinearLayout desc='Add reminder Button'
06-07 23:00:00.130 14018 14018 D AuraOrbit.A11y:             android.widget.ListView
06-07 23:00:00.131 14018 14018 D AuraOrbit.A11y:               android.appwidget.AppWidgetHostView
06-07 23:00:00.131 14018 14018 D AuraOrbit.A11y:                 android.widget.FrameLayout
06-07 23:00:00.131 14018 14018 D AuraOrbit.A11y:                   android.widget.LinearLayout desc='DSA'
06-07 23:00:00.131 14018 14018 D AuraOrbit.A11y:                     android.widget.FrameLayout
06-07 23:00:00.131 14018 14018 D AuraOrbit.A11y:                       android.widget.ImageView desc='Not checked, DSA'
06-07 23:00:00.131 14018 14018 D AuraOrbit.A11y:                     android.widget.TextView text='DSA'
06-07 23:00:00.132 14018 14018 D AuraOrbit.A11y:         android.widget.FrameLayout
06-07 23:00:00.132 14018 14018 D AuraOrbit.A11y:           android.widget.FrameLayout desc='Voice Recorder'
06-07 23:00:00.133 14018 14018 D AuraOrbit.A11y:             android.widget.RelativeLayout
06-07 23:00:00.133 14018 14018 D AuraOrbit.A11y:               android.widget.Chronometer text='00:00' desc='0 seconds'
06-07 23:00:00.134 14018 14018 D AuraOrbit.A11y:               android.widget.LinearLayout desc='Record, Button'
06-07 23:00:00.134 14018 14018 D AuraOrbit.A11y:         android.widget.FrameLayout desc='NoScroll'
06-07 23:00:00.134 14018 14018 D AuraOrbit.A11y:           android.widget.TextView text='NoScroll'
06-07 23:00:00.135 14018 14018 D AuraOrbit.A11y:         android.widget.FrameLayout desc='Keep notes'
06-07 23:00:00.135 14018 14018 D AuraOrbit.A11y:           android.widget.TextView text='Keep notes'
06-07 23:00:00.135 14018 14018 D AuraOrbit.A11y:         android.widget.FrameLayout desc='KDE Connect, 1 notification'
06-07 23:00:00.136 14018 14018 D AuraOrbit.A11y:           android.widget.TextView text='KDE Connect'
06-07 23:00:00.136 14018 14018 D AuraOrbit.A11y:         android.widget.FrameLayout desc='Rapido'
06-07 23:00:00.136 14018 14018 D AuraOrbit.A11y:           android.widget.TextView text='Rapido'
06-07 23:00:00.137 14018 14018 D AuraOrbit.A11y:         android.widget.FrameLayout desc='Bixby'
06-07 23:00:00.137 14018 14018 D AuraOrbit.A11y:           android.widget.TextView text='Bixby'
06-07 23:00:00.138 14018 14018 D AuraOrbit.A11y:         android.widget.FrameLayout
06-07 23:00:00.138 14018 14018 D AuraOrbit.A11y:           android.widget.FrameLayout
06-07 23:00:00.138 14018 14018 D AuraOrbit.A11y:             android.view.View desc='23:00'
06-07 23:00:00.139 14018 14018 D AuraOrbit.A11y:             android.widget.TextView text='Sun,' desc='Sun,'
06-07 23:00:00.139 14018 14018 D AuraOrbit.A11y:             android.widget.TextView text='7 Jun' desc='7 Jun'
06-07 23:00:00.140 14018 14018 D AuraOrbit.A11y:         android.widget.FrameLayout desc='Call of Duty'
06-07 23:00:00.140 14018 14018 D AuraOrbit.A11y:           android.widget.TextView text='Call of Duty'
06-07 23:00:00.141 14018 14018 D AuraOrbit.A11y:         android.widget.FrameLayout desc='Instagram'
06-07 23:00:00.141 14018 14018 D AuraOrbit.A11y:           android.widget.TextView text='Instagram'
06-07 23:00:00.141 14018 14018 D AuraOrbit.A11y:         android.widget.FrameLayout desc='Money Manager'
06-07 23:00:00.142 14018 14018 D AuraOrbit.A11y:           android.widget.TextView text='Money Manager'
06-07 23:00:00.142 14018 14018 D AuraOrbit.A11y:         android.widget.FrameLayout desc='Calculator'
06-07 23:00:00.142 14018 14018 D AuraOrbit.A11y:           android.widget.TextView text='Calculator'
06-07 23:00:00.143 14018 14018 D AuraOrbit.A11y:         android.widget.FrameLayout
06-07 23:00:00.143 14018 14018 D AuraOrbit.A11y:           android.widget.FrameLayout
06-07 23:00:00.143 14018 14018 D AuraOrbit.A11y:             android.widget.LinearLayout desc='Type Gemini prompt'
06-07 23:00:00.143 14018 14018 D AuraOrbit.A11y:               android.widget.TextView text='Ask Gemini'
06-07 23:00:00.143 14018 14018 D AuraOrbit.A11y:           android.widget.FrameLayout
06-07 23:00:00.143 14018 14018 D AuraOrbit.A11y:             android.widget.LinearLayout desc='Share video with Gemini Live'
06-07 23:00:00.143 14018 14018 D AuraOrbit.A11y:               android.widget.TextView text='Video'
06-07 23:00:00.143 14018 14018 D AuraOrbit.A11y:           android.widget.FrameLayout
06-07 23:00:00.144 14018 14018 D AuraOrbit.A11y:             android.widget.LinearLayout desc='Talk with Gemini Live'
06-07 23:00:00.144 14018 14018 D AuraOrbit.A11y:               android.widget.TextView text='Live'
06-07 23:00:00.144 14018 14018 D AuraOrbit.A11y:         android.widget.FrameLayout
06-07 23:00:00.144 14018 14018 D AuraOrbit.A11y:           android.widget.FrameLayout
06-07 23:00:00.144 14018 14018 D AuraOrbit.A11y:             android.widget.ImageButton desc='Copy'
06-07 23:00:00.145 14018 14018 D AuraOrbit.A11y:         android.widget.FrameLayout
06-07 23:00:00.145 14018 14018 D AuraOrbit.A11y:           android.widget.FrameLayout
06-07 23:00:00.145 14018 14018 D AuraOrbit.A11y:             android.widget.FrameLayout desc='Mummy, Direct Dial'
06-07 23:00:00.145 14018 14018 D AuraOrbit.A11y:           android.widget.TextView
06-07 23:00:00.146 14018 14018 D AuraOrbit.A11y:           android.widget.TextView text='Mummy'
06-07 23:00:00.146 14018 14018 D AuraOrbit.A11y:           android.widget.FrameLayout
06-07 23:00:00.146 14018 14018 D AuraOrbit.A11y:             android.widget.FrameLayout desc='Nency, Direct Dial'
06-07 23:00:00.146 14018 14018 D AuraOrbit.A11y:           android.widget.TextView
06-07 23:00:00.147 14018 14018 D AuraOrbit.A11y:           android.widget.TextView text='Nency'
06-07 23:00:00.147 14018 14018 D AuraOrbit.A11y:           android.widget.FrameLayout
06-07 23:00:00.147 14018 14018 D AuraOrbit.A11y:             android.widget.FrameLayout desc='Papa, Direct Dial'
06-07 23:00:00.148 14018 14018 D AuraOrbit.A11y:           android.widget.TextView
06-07 23:00:00.148 14018 14018 D AuraOrbit.A11y:           android.widget.TextView text='Papa'
06-07 23:00:00.149 14018 14018 D AuraOrbit.A11y:           android.widget.FrameLayout
06-07 23:00:00.149 14018 14018 D AuraOrbit.A11y:             android.widget.FrameLayout desc='No contact'
06-07 23:00:00.149 14018 14018 D AuraOrbit.A11y:           android.widget.TextView
06-07 23:00:00.149 14018 14018 D AuraOrbit.A11y:           android.widget.TextView
06-07 23:00:00.150 14018 14018 D AuraOrbit.A11y:         android.widget.LinearLayout
06-07 23:00:00.150 14018 14018 D AuraOrbit.A11y:         android.widget.FrameLayout
06-07 23:00:00.150 14018 14018 D AuraOrbit.A11y:           android.widget.FrameLayout desc='Month'
06-07 23:00:00.150 14018 14018 D AuraOrbit.A11y:             android.widget.FrameLayout
06-07 23:00:00.151 14018 14018 D AuraOrbit.A11y:               android.widget.FrameLayout
06-07 23:00:00.151 14018 14018 D AuraOrbit.A11y:                 android.widget.ImageView desc='Previous month Button'
06-07 23:00:00.151 14018 14018 D AuraOrbit.A11y:               android.widget.TextView text='JUN' desc='June '
06-07 23:00:00.151 14018 14018 D AuraOrbit.A11y:               android.widget.FrameLayout
06-07 23:00:00.152 14018 14018 D AuraOrbit.A11y:                 android.widget.ImageView desc='Next month Button'
06-07 23:00:00.152 14018 14018 D AuraOrbit.A11y:               android.widget.FrameLayout
06-07 23:00:00.152 14018 14018 D AuraOrbit.A11y:                 android.widget.ImageView desc='Handwriting Button'
06-07 23:00:00.152 14018 14018 D AuraOrbit.A11y:               android.widget.FrameLayout
06-07 23:00:00.152 14018 14018 D AuraOrbit.A11y:                 android.widget.ImageView desc='Add detailed event Button'
06-07 23:00:00.153 14018 14018 D AuraOrbit.A11y:               android.widget.FrameLayout
06-07 23:00:00.153 14018 14018 D AuraOrbit.A11y:                 android.widget.TextView text='7' desc='7, Today Button'
06-07 23:00:00.153 14018 14018 D AuraOrbit.A11y:             android.widget.TextView text='M'
06-07 23:00:00.153 14018 14018 D AuraOrbit.A11y:             android.widget.TextView text='T'
06-07 23:00:00.154 14018 14018 D AuraOrbit.A11y:             android.widget.TextView text='W'
06-07 23:00:00.154 14018 14018 D AuraOrbit.A11y:             android.widget.TextView text='T'
06-07 23:00:00.154 14018 14018 D AuraOrbit.A11y:             android.widget.TextView text='F'
06-07 23:00:00.154 14018 14018 D AuraOrbit.A11y:             android.widget.TextView text='S'
06-07 23:00:00.154 14018 14018 D AuraOrbit.A11y:             android.widget.TextView text='S'
06-07 23:00:00.155 14018 14018 D AuraOrbit.A11y:             android.widget.FrameLayout
06-07 23:00:00.155 14018 14018 D AuraOrbit.A11y:               android.widget.FrameLayout
06-07 23:00:00.156 14018 14018 D AuraOrbit.A11y:                 android.widget.FrameLayout desc='Monday, 1 June, Add event'
06-07 23:00:00.156 14018 14018 D AuraOrbit.A11y:               android.widget.FrameLayout
06-07 23:00:00.156 14018 14018 D AuraOrbit.A11y:                 android.widget.FrameLayout desc='Tuesday, 2 June, Add event'
06-07 23:00:00.156 14018 14018 D AuraOrbit.A11y:               android.widget.FrameLayout
06-07 23:00:00.157 14018 14018 D AuraOrbit.A11y:                 android.widget.FrameLayout desc='Wednesday, 3 June, Add event'
06-07 23:00:00.157 14018 14018 D AuraOrbit.A11y:               android.widget.FrameLayout
06-07 23:00:00.157 14018 14018 D AuraOrbit.A11y:                 android.widget.FrameLayout desc='Thursday, 4 June, Add event'
06-07 23:00:00.157 14018 14018 D AuraOrbit.A11y:               android.widget.FrameLayout
06-07 23:00:00.157 14018 14018 D AuraOrbit.A11y:                 android.widget.FrameLayout desc='Friday, 5 June, Add event'
06-07 23:00:00.157 14018 14018 D AuraOrbit.A11y:               android.widget.FrameLayout
06-07 23:00:00.158 14018 14018 D AuraOrbit.A11y:                 android.widget.FrameLayout desc='Saturday, 6 June, Add event'
06-07 23:00:00.158 14018 14018 D AuraOrbit.A11y:               android.widget.FrameLayout
06-07 23:00:00.158 14018 14018 D AuraOrbit.A11y:                 android.widget.FrameLayout desc='Today, Sunday, 7 June, 1 event'
06-07 23:00:00.158 14018 14018 D AuraOrbit.A11y:               android.widget.FrameLayout
06-07 23:00:00.158 14018 14018 D AuraOrbit.A11y:                 android.widget.FrameLayout desc='Monday, 8 June, Add event'
06-07 23:00:00.159 14018 14018 D AuraOrbit.A11y:               android.widget.FrameLayout
06-07 23:00:00.159 14018 14018 D AuraOrbit.A11y:                 android.widget.FrameLayout desc='Tuesday, 9 June, Add event'
06-07 23:00:00.159 14018 14018 D AuraOrbit.A11y:               android.widget.FrameLayout
06-07 23:00:00.159 14018 14018 D AuraOrbit.A11y:                 android.widget.FrameLayout desc='Wednesday, 10 June, Add event'
06-07 23:00:00.160 14018 14018 D AuraOrbit.A11y:               android.widget.FrameLayout
06-07 23:00:00.160 14018 14018 D AuraOrbit.A11y:                 android.widget.FrameLayout desc='Thursday, 11 June, Add event'
06-07 23:00:00.160 14018 14018 D AuraOrbit.A11y:               android.widget.FrameLayout
06-07 23:00:00.160 14018 14018 D AuraOrbit.A11y:                 android.widget.FrameLayout desc='Friday, 12 June, Add event'
06-07 23:00:00.160 14018 14018 D AuraOrbit.A11y:               android.widget.FrameLayout
06-07 23:00:00.161 14018 14018 D AuraOrbit.A11y:                 android.widget.FrameLayout desc='Saturday, 13 June, Add event'
06-07 23:00:00.161 14018 14018 D AuraOrbit.A11y:               android.widget.FrameLayout
06-07 23:00:00.161 14018 14018 D AuraOrbit.A11y:                 android.widget.FrameLayout desc='Sunday, 14 June, Add event'
06-07 23:00:00.161 14018 14018 D AuraOrbit.A11y:               android.widget.FrameLayout
06-07 23:00:00.161 14018 14018 D AuraOrbit.A11y:                 android.widget.FrameLayout desc='Monday, 15 June, Add event'
06-07 23:00:00.162 14018 14018 D AuraOrbit.A11y:               android.widget.FrameLayout
06-07 23:00:00.162 14018 14018 D AuraOrbit.A11y:                 android.widget.FrameLayout desc='Tuesday, 16 June, Add event'
06-07 23:00:00.162 14018 14018 D AuraOrbit.A11y:               android.widget.FrameLayout
06-07 23:00:00.162 14018 14018 D AuraOrbit.A11y:                 android.widget.FrameLayout desc='Wednesday, 17 June, Add event'
06-07 23:00:00.163 14018 14018 D AuraOrbit.A11y:               android.widget.FrameLayout
06-07 23:00:00.163 14018 14018 D AuraOrbit.A11y:                 android.widget.FrameLayout desc='Thursday, 18 June, Add event'
06-07 23:00:00.163 14018 14018 D AuraOrbit.A11y:               android.widget.FrameLayout
06-07 23:00:00.163 14018 14018 D AuraOrbit.A11y:                 android.widget.FrameLayout desc='Friday, 19 June, Add event'
06-07 23:00:00.164 14018 14018 D AuraOrbit.A11y:               android.widget.FrameLayout
06-07 23:00:00.164 14018 14018 D AuraOrbit.A11y:                 android.widget.FrameLayout desc='Saturday, 20 June, Add event'
06-07 23:00:00.164 14018 14018 D AuraOrbit.A11y:               android.widget.FrameLayout
06-07 23:00:00.164 14018 14018 D AuraOrbit.A11y:                 android.widget.FrameLayout desc='Sunday, 21 June, Add event'
06-07 23:00:00.165 14018 14018 D AuraOrbit.A11y:               android.widget.FrameLayout
06-07 23:00:00.165 14018 14018 D AuraOrbit.A11y:                 android.widget.FrameLayout desc='Monday, 22 June, Add event'
06-07 23:00:00.165 14018 14018 D AuraOrbit.A11y:               android.widget.FrameLayout
06-07 23:00:00.165 14018 14018 D AuraOrbit.A11y:                 android.widget.FrameLayout desc='Tuesday, 23 June, Add event'
06-07 23:00:00.165 14018 14018 D AuraOrbit.A11y:               android.widget.FrameLayout
06-07 23:00:00.166 14018 14018 D AuraOrbit.A11y:                 android.widget.FrameLayout desc='Wednesday, 24 June, Add event'
06-07 23:00:00.166 14018 14018 D AuraOrbit.A11y:               android.widget.FrameLayout
06-07 23:00:00.166 14018 14018 D AuraOrbit.A11y:                 android.widget.FrameLayout desc='Thursday, 25 June, Add event'
06-07 23:00:00.166 14018 14018 D AuraOrbit.A11y:               android.widget.FrameLayout
06-07 23:00:00.167 14018 14018 D AuraOrbit.A11y:                 android.widget.FrameLayout desc='Friday, 26 June, 1 event'
06-07 23:00:00.167 14018 14018 D AuraOrbit.A11y:               android.widget.FrameLayout
06-07 23:00:00.167 14018 14018 D AuraOrbit.A11y:                 android.widget.FrameLayout desc='Saturday, 27 June, Add event'
06-07 23:00:00.167 14018 14018 D AuraOrbit.A11y:               android.widget.FrameLayout
06-07 23:00:00.167 14018 14018 D AuraOrbit.A11y:                 android.widget.FrameLayout desc='Sunday, 28 June, Add event'
06-07 23:00:00.167 14018 14018 D AuraOrbit.A11y:               android.widget.FrameLayout
06-07 23:00:00.168 14018 14018 D AuraOrbit.A11y:                 android.widget.FrameLayout desc='Monday, 29 June, Add event'
06-07 23:00:00.168 14018 14018 D AuraOrbit.A11y:               android.widget.FrameLayout
06-07 23:00:00.168 14018 14018 D AuraOrbit.A11y:                 android.widget.FrameLayout desc='Tuesday, 30 June, 1 event'
06-07 23:00:00.168 14018 14018 D AuraOrbit.A11y:               android.widget.FrameLayout
06-07 23:00:00.168 14018 14018 D AuraOrbit.A11y:                 android.widget.FrameLayout desc='Wednesday, 1 July, Add event'
06-07 23:00:00.168 14018 14018 D AuraOrbit.A11y:               android.widget.FrameLayout
06-07 23:00:00.168 14018 14018 D AuraOrbit.A11y:                 android.widget.FrameLayout desc='Thursday, 2 July, Add event'
06-07 23:00:00.169 14018 14018 D AuraOrbit.A11y:               android.widget.FrameLayout
06-07 23:00:00.169 14018 14018 D AuraOrbit.A11y:                 android.widget.FrameLayout desc='Friday, 3 July, Add event'
06-07 23:00:00.169 14018 14018 D AuraOrbit.A11y:               android.widget.FrameLayout
06-07 23:00:00.169 14018 14018 D AuraOrbit.A11y:                 android.widget.FrameLayout desc='Saturday, 4 July, Add event'
06-07 23:00:00.169 14018 14018 D AuraOrbit.A11y:               android.widget.FrameLayout
06-07 23:00:00.169 14018 14018 D AuraOrbit.A11y:                 android.widget.FrameLayout desc='Sunday, 5 July, 1 event'
06-07 23:00:00.170 14018 14018 D AuraOrbit.A11y:         android.widget.FrameLayout
06-07 23:00:00.170 14018 14018 D AuraOrbit.A11y:           android.widget.FrameLayout
06-07 23:00:00.170 14018 14018 D AuraOrbit.A11y:             android.widget.FrameLayout desc='Device care'
06-07 23:00:00.170 14018 14018 D AuraOrbit.A11y:               android.widget.FrameLayout
06-07 23:00:00.170 14018 14018 D AuraOrbit.A11y:                 android.widget.ImageView desc='Optimise now'
06-07 23:00:00.170 14018 14018 D AuraOrbit.A11y:               android.widget.TextView text='Optimise'
06-07 23:00:00.171 14018 14018 D AuraOrbit.A11y:               android.widget.ProgressBar
06-07 23:00:00.171 14018 14018 D AuraOrbit.A11y:               android.widget.TextView
06-07 23:00:00.171 14018 14018 D AuraOrbit.A11y:               android.widget.TextView text='74.4 GB'
06-07 23:00:00.171 14018 14018 D AuraOrbit.A11y:               android.widget.TextView
06-07 23:00:00.171 14018 14018 D AuraOrbit.A11y:               android.widget.TextView text=' / '
06-07 23:00:00.171 14018 14018 D AuraOrbit.A11y:               android.widget.TextView text='256 GB'
06-07 23:00:00.172 14018 14018 D AuraOrbit.A11y:               android.widget.TextView
06-07 23:00:00.172 14018 14018 D AuraOrbit.A11y:               android.widget.ProgressBar
06-07 23:00:00.172 14018 14018 D AuraOrbit.A11y:               android.widget.TextView text='7.5'
06-07 23:00:00.173 14018 14018 D AuraOrbit.A11y:               android.widget.TextView text='GB'
06-07 23:00:00.173 14018 14018 D AuraOrbit.A11y:               android.widget.TextView text=' / '
06-07 23:00:00.173 14018 14018 D AuraOrbit.A11y:               android.widget.TextView
06-07 23:00:00.173 14018 14018 D AuraOrbit.A11y:               android.widget.TextView text='12 GB'
06-07 23:00:00.173 14018 14018 D AuraOrbit.A11y:               android.widget.TextView
06-07 23:00:00.173 14018 14018 D AuraOrbit.A11y:         android.widget.LinearLayout
06-07 23:00:00.173 14018 14018 D AuraOrbit.A11y:       android.widget.FrameLayout desc='Page 1 of 4 ' [visible]
06-07 23:00:00.173 14018 14018 D AuraOrbit.A11y:       android.widget.FrameLayout desc='Page 2 of 4 ' [visible]
06-07 23:00:00.173 14018 14018 D AuraOrbit.A11y:       android.widget.FrameLayout desc='Page 3 of 4 ' [visible]
06-07 23:00:00.173 14018 14018 D AuraOrbit.A11y:       android.widget.FrameLayout desc='Page 4 of 4 ' [visible]
06-07 23:00:00.173 14018 14018 D AuraOrbit.A11y:     android.widget.RelativeLayout [visible]
06-07 23:00:00.174 14018 14018 D AuraOrbit.A11y:       android.widget.FrameLayout desc='Phone' [visible]
06-07 23:00:00.174 14018 14018 D AuraOrbit.A11y:         android.widget.TextView text='Phone' [visible]
06-07 23:00:00.174 14018 14018 D AuraOrbit.A11y:       android.widget.FrameLayout desc='Camera' [visible]
06-07 23:00:00.175 14018 14018 D AuraOrbit.A11y:         android.widget.TextView text='Camera' [visible]
06-07 23:00:00.175 14018 14018 D AuraOrbit.A11y:       android.widget.FrameLayout desc='Brave' [visible]
06-07 23:00:00.175 14018 14018 D AuraOrbit.A11y:         android.widget.TextView text='Brave' [visible]
06-07 23:00:00.175 14018 14018 D AuraOrbit.A11y:       android.widget.FrameLayout desc='YouTube' [visible]
06-07 23:00:00.175 14018 14018 D AuraOrbit.A11y:         android.widget.TextView text='YouTube' [visible]
06-07 23:00:00.176 14018 14018 D AuraOrbit.A11y:       android.widget.FrameLayout desc='WhatsApp' [visible]
06-07 23:00:00.176 14018 14018 D AuraOrbit.A11y:         android.widget.TextView text='WhatsApp' [visible]
06-07 23:00:00.176 14018 14018 D AuraOrbit.A11y: === DEBUG DUMP TREE END ===
06-07 23:00:00.178 14018 14018 D AuraOrbit.A11y: home page=1 of 4
06-07 23:00:00.922 14018 14125 D AuraOrbit.Engine: VIS branch=A11Y target=1.0 pv=1.0 | a11y[conn=true page=1 of=4 drawer=false ageMs=689] | inferredPage=0 activePage=0 offsetsEver=false xStep=-1.0 xOff=0.5 | preview=false visible=true zoom=0.0 returnAnim=1.0 launchIdx=-1
06-07 23:00:01.929 14018 14125 D AuraOrbit.Engine: VIS branch=A11Y target=1.0 pv=1.0 | a11y[conn=true page=1 of=4 drawer=false ageMs=1696] | inferredPage=0 activePage=0 offsetsEver=false xStep=-1.0 xOff=0.5 | preview=false visible=true zoom=0.0 returnAnim=1.0 launchIdx=-1
06-07 23:00:02.936 14018 14125 D AuraOrbit.Engine: VIS branch=A11Y target=1.0 pv=1.0 | a11y[conn=true page=1 of=4 drawer=false ageMs=2703] | inferredPage=0 activePage=0 offsetsEver=false xStep=-1.0 xOff=0.5 | preview=false visible=true zoom=0.0 returnAnim=1.0 launchIdx=-1
06-07 23:00:03.943 14018 14125 D AuraOrbit.Engine: VIS branch=A11Y target=1.0 pv=1.0 | a11y[conn=true page=1 of=4 drawer=false ageMs=3710] | inferredPage=0 activePage=0 offsetsEver=false xStep=-1.0 xOff=0.5 | preview=false visible=true zoom=0.0 returnAnim=1.0 launchIdx=-1
06-07 23:00:04.950 14018 14125 D AuraOrbit.Engine: VIS branch=A11Y target=1.0 pv=1.0 | a11y[conn=true page=1 of=4 drawer=false ageMs=4717] | inferredPage=0 activePage=0 offsetsEver=false xStep=-1.0 xOff=0.5 | preview=false visible=true zoom=0.0 returnAnim=1.0 launchIdx=-1
06-07 23:00:05.957 14018 14125 D AuraOrbit.Engine: VIS branch=DEAD-RECKONING target=1.0 pv=1.0 | a11y[conn=true page=1 of=4 drawer=false ageMs=5723] | inferredPage=0 activePage=0 offsetsEver=false xStep=-1.0 xOff=0.5 | preview=false visible=true zoom=0.0 returnAnim=1.0 launchIdx=-1
